[0.109s] DEBUG:colcon:Command line arguments: ['/usr/bin/colcon', 'build', '--symlink-install', '--cmake-args', '-DCMAKE_BUILD_TYPE=Release', '--packages-select', 'rl_controller', 'fishbot_navigation2', 'gazebo_bridge', 'keyboard_controller', 'ros_utils', 'tita_description']
[0.109s] DEBUG:colcon:Parsed command line arguments: Namespace(log_base=None, log_level=None, verb_name='build', build_base='build', install_base='install', merge_install=False, symlink_install=True, test_result_base=None, continue_on_error=False, executor='parallel', parallel_workers=192, event_handlers=None, ignore_user_meta=False, metas=['./colcon.meta'], base_paths=['.'], packages_ignore=None, packages_ignore_regex=None, paths=None, packages_up_to=None, packages_up_to_regex=None, packages_above=None, packages_above_and_dependencies=None, packages_above_depth=None, packages_select_by_dep=None, packages_skip_by_dep=None, packages_skip_up_to=None, packages_select_build_failed=False, packages_skip_build_finished=False, packages_select_test_failures=False, packages_skip_test_passed=False, packages_select=['rl_controller', 'fishbot_navigation2', 'gazebo_bridge', 'keyboard_controller', 'ros_utils', 'tita_description'], packages_skip=None, packages_select_regex=None, packages_skip_regex=None, packages_start=None, packages_end=None, allow_overriding=[], cmake_args=['-DCMAKE_BUILD_TYPE=Release'], cmake_target=None, cmake_target_skip_unavailable=False, cmake_clean_cache=False, cmake_clean_first=False, cmake_force_configure=False, ament_cmake_args=None, catkin_cmake_args=None, catkin_skip_building_tests=False, verb_parser=<colcon_defaults.argument_parser.defaults.DefaultArgumentsDecorator object at 0x7b2c6bc2e1d0>, verb_extension=<colcon_core.verb.build.BuildVerb object at 0x7b2c6bc2dcc0>, main=<bound method BuildVerb.main of <colcon_core.verb.build.BuildVerb object at 0x7b2c6bc2dcc0>>)
[0.268s] Level 1:colcon.colcon_core.package_discovery:discover_packages(colcon_meta) check parameters
[0.268s] Level 1:colcon.colcon_core.package_discovery:discover_packages(recursive) check parameters
[0.268s] Level 1:colcon.colcon_core.package_discovery:discover_packages(ignore) check parameters
[0.268s] Level 1:colcon.colcon_core.package_discovery:discover_packages(path) check parameters
[0.268s] Level 1:colcon.colcon_core.package_discovery:discover_packages(colcon_meta) discover
[0.268s] Level 1:colcon.colcon_core.package_discovery:discover_packages(recursive) discover
[0.268s] INFO:colcon.colcon_core.package_discovery:Crawling recursively for packages in '/home/aiseon/navigation2_all/leg4_MPPI'
[0.268s] Level 1:colcon.colcon_core.package_identification:_identify(.) by extensions ['ignore', 'ignore_ament_install']
[0.268s] Level 1:colcon.colcon_core.package_identification:_identify(.) by extension 'ignore'
[0.268s] Level 1:colcon.colcon_core.package_identification:_identify(.) by extension 'ignore_ament_install'
[0.268s] Level 1:colcon.colcon_core.package_identification:_identify(.) by extensions ['colcon_pkg']
[0.268s] Level 1:colcon.colcon_core.package_identification:_identify(.) by extension 'colcon_pkg'
[0.268s] Level 1:colcon.colcon_core.package_identification:_identify(.) by extensions ['colcon_meta']
[0.268s] Level 1:colcon.colcon_core.package_identification:_identify(.) by extension 'colcon_meta'
[0.269s] Level 1:colcon.colcon_core.package_identification:_identify(.) by extensions ['ros']
[0.269s] Level 1:colcon.colcon_core.package_identification:_identify(.) by extension 'ros'
[0.279s] Level 1:colcon.colcon_core.package_identification:_identify(.) by extensions ['cmake', 'python']
[0.279s] Level 1:colcon.colcon_core.package_identification:_identify(.) by extension 'cmake'
[0.279s] Level 1:colcon.colcon_core.package_identification:_identify(.) by extension 'python'
[0.279s] Level 1:colcon.colcon_core.package_identification:_identify(.) by extensions ['python_setup_py']
[0.280s] Level 1:colcon.colcon_core.package_identification:_identify(.) by extension 'python_setup_py'
[0.280s] Level 1:colcon.colcon_core.package_identification:_identify(build) by extensions ['ignore', 'ignore_ament_install']
[0.280s] Level 1:colcon.colcon_core.package_identification:_identify(build) by extension 'ignore'
[0.280s] Level 1:colcon.colcon_core.package_identification:_identify(build) ignored
[0.280s] Level 1:colcon.colcon_core.package_identification:_identify(install) by extensions ['ignore', 'ignore_ament_install']
[0.280s] Level 1:colcon.colcon_core.package_identification:_identify(install) by extension 'ignore'
[0.280s] Level 1:colcon.colcon_core.package_identification:_identify(install) ignored
[0.280s] Level 1:colcon.colcon_core.package_identification:_identify(log) by extensions ['ignore', 'ignore_ament_install']
[0.280s] Level 1:colcon.colcon_core.package_identification:_identify(log) by extension 'ignore'
[0.280s] Level 1:colcon.colcon_core.package_identification:_identify(log) ignored
[0.280s] Level 1:colcon.colcon_core.package_identification:_identify(src) by extensions ['ignore', 'ignore_ament_install']
[0.280s] Level 1:colcon.colcon_core.package_identification:_identify(src) by extension 'ignore'
[0.280s] Level 1:colcon.colcon_core.package_identification:_identify(src) by extension 'ignore_ament_install'
[0.280s] Level 1:colcon.colcon_core.package_identification:_identify(src) by extensions ['colcon_pkg']
[0.280s] Level 1:colcon.colcon_core.package_identification:_identify(src) by extension 'colcon_pkg'
[0.280s] Level 1:colcon.colcon_core.package_identification:_identify(src) by extensions ['colcon_meta']
[0.280s] Level 1:colcon.colcon_core.package_identification:_identify(src) by extension 'colcon_meta'
[0.280s] Level 1:colcon.colcon_core.package_identification:_identify(src) by extensions ['ros']
[0.280s] Level 1:colcon.colcon_core.package_identification:_identify(src) by extension 'ros'
[0.281s] Level 1:colcon.colcon_core.package_identification:_identify(src) by extensions ['cmake', 'python']
[0.281s] Level 1:colcon.colcon_core.package_identification:_identify(src) by extension 'cmake'
[0.281s] Level 1:colcon.colcon_core.package_identification:_identify(src) by extension 'python'
[0.281s] Level 1:colcon.colcon_core.package_identification:_identify(src) by extensions ['python_setup_py']
[0.281s] Level 1:colcon.colcon_core.package_identification:_identify(src) by extension 'python_setup_py'
[0.281s] Level 1:colcon.colcon_core.package_identification:_identify(src/ddt_ros2_control) by extensions ['ignore', 'ignore_ament_install']
[0.281s] Level 1:colcon.colcon_core.package_identification:_identify(src/ddt_ros2_control) by extension 'ignore'
[0.281s] Level 1:colcon.colcon_core.package_identification:_identify(src/ddt_ros2_control) by extension 'ignore_ament_install'
[0.281s] Level 1:colcon.colcon_core.package_identification:_identify(src/ddt_ros2_control) by extensions ['colcon_pkg']
[0.281s] Level 1:colcon.colcon_core.package_identification:_identify(src/ddt_ros2_control) by extension 'colcon_pkg'
[0.281s] Level 1:colcon.colcon_core.package_identification:_identify(src/ddt_ros2_control) by extensions ['colcon_meta']
[0.281s] Level 1:colcon.colcon_core.package_identification:_identify(src/ddt_ros2_control) by extension 'colcon_meta'
[0.281s] Level 1:colcon.colcon_core.package_identification:_identify(src/ddt_ros2_control) by extensions ['ros']
[0.281s] Level 1:colcon.colcon_core.package_identification:_identify(src/ddt_ros2_control) by extension 'ros'
[0.281s] Level 1:colcon.colcon_core.package_identification:_identify(src/ddt_ros2_control) by extensions ['cmake', 'python']
[0.281s] Level 1:colcon.colcon_core.package_identification:_identify(src/ddt_ros2_control) by extension 'cmake'
[0.281s] Level 1:colcon.colcon_core.package_identification:_identify(src/ddt_ros2_control) by extension 'python'
[0.281s] Level 1:colcon.colcon_core.package_identification:_identify(src/ddt_ros2_control) by extensions ['python_setup_py']
[0.281s] Level 1:colcon.colcon_core.package_identification:_identify(src/ddt_ros2_control) by extension 'python_setup_py'
[0.281s] Level 1:colcon.colcon_core.package_identification:_identify(src/ddt_ros2_control/controller) by extensions ['ignore', 'ignore_ament_install']
[0.281s] Level 1:colcon.colcon_core.package_identification:_identify(src/ddt_ros2_control/controller) by extension 'ignore'
[0.281s] Level 1:colcon.colcon_core.package_identification:_identify(src/ddt_ros2_control/controller) by extension 'ignore_ament_install'
[0.281s] Level 1:colcon.colcon_core.package_identification:_identify(src/ddt_ros2_control/controller) by extensions ['colcon_pkg']
[0.281s] Level 1:colcon.colcon_core.package_identification:_identify(src/ddt_ros2_control/controller) by extension 'colcon_pkg'
[0.281s] Level 1:colcon.colcon_core.package_identification:_identify(src/ddt_ros2_control/controller) by extensions ['colcon_meta']
[0.281s] Level 1:colcon.colcon_core.package_identification:_identify(src/ddt_ros2_control/controller) by extension 'colcon_meta'
[0.281s] Level 1:colcon.colcon_core.package_identification:_identify(src/ddt_ros2_control/controller) by extensions ['ros']
[0.281s] Level 1:colcon.colcon_core.package_identification:_identify(src/ddt_ros2_control/controller) by extension 'ros'
[0.282s] Level 1:colcon.colcon_core.package_identification:_identify(src/ddt_ros2_control/controller) by extensions ['cmake', 'python']
[0.282s] Level 1:colcon.colcon_core.package_identification:_identify(src/ddt_ros2_control/controller) by extension 'cmake'
[0.282s] Level 1:colcon.colcon_core.package_identification:_identify(src/ddt_ros2_control/controller) by extension 'python'
[0.282s] Level 1:colcon.colcon_core.package_identification:_identify(src/ddt_ros2_control/controller) by extensions ['python_setup_py']
[0.282s] Level 1:colcon.colcon_core.package_identification:_identify(src/ddt_ros2_control/controller) by extension 'python_setup_py'
[0.282s] Level 1:colcon.colcon_core.package_identification:_identify(src/ddt_ros2_control/controller/rl_controller) by extensions ['ignore', 'ignore_ament_install']
[0.282s] Level 1:colcon.colcon_core.package_identification:_identify(src/ddt_ros2_control/controller/rl_controller) by extension 'ignore'
[0.282s] Level 1:colcon.colcon_core.package_identification:_identify(src/ddt_ros2_control/controller/rl_controller) by extension 'ignore_ament_install'
[0.282s] Level 1:colcon.colcon_core.package_identification:_identify(src/ddt_ros2_control/controller/rl_controller) by extensions ['colcon_pkg']
[0.282s] Level 1:colcon.colcon_core.package_identification:_identify(src/ddt_ros2_control/controller/rl_controller) by extension 'colcon_pkg'
[0.282s] Level 1:colcon.colcon_core.package_identification:_identify(src/ddt_ros2_control/controller/rl_controller) by extensions ['colcon_meta']
[0.282s] Level 1:colcon.colcon_core.package_identification:_identify(src/ddt_ros2_control/controller/rl_controller) by extension 'colcon_meta'
[0.282s] Level 1:colcon.colcon_core.package_identification:_identify(src/ddt_ros2_control/controller/rl_controller) by extensions ['ros']
[0.282s] Level 1:colcon.colcon_core.package_identification:_identify(src/ddt_ros2_control/controller/rl_controller) by extension 'ros'
[0.285s] DEBUG:colcon.colcon_core.package_identification:Package 'src/ddt_ros2_control/controller/rl_controller' with type 'ros.ament_cmake' and name 'rl_controller'
[0.286s] Level 1:colcon.colcon_core.package_identification:_identify(src/ddt_ros2_control/docker) by extensions ['ignore', 'ignore_ament_install']
[0.286s] Level 1:colcon.colcon_core.package_identification:_identify(src/ddt_ros2_control/docker) by extension 'ignore'
[0.286s] Level 1:colcon.colcon_core.package_identification:_identify(src/ddt_ros2_control/docker) by extension 'ignore_ament_install'
[0.286s] Level 1:colcon.colcon_core.package_identification:_identify(src/ddt_ros2_control/docker) by extensions ['colcon_pkg']
[0.286s] Level 1:colcon.colcon_core.package_identification:_identify(src/ddt_ros2_control/docker) by extension 'colcon_pkg'
[0.286s] Level 1:colcon.colcon_core.package_identification:_identify(src/ddt_ros2_control/docker) by extensions ['colcon_meta']
[0.286s] Level 1:colcon.colcon_core.package_identification:_identify(src/ddt_ros2_control/docker) by extension 'colcon_meta'
[0.286s] Level 1:colcon.colcon_core.package_identification:_identify(src/ddt_ros2_control/docker) by extensions ['ros']
[0.286s] Level 1:colcon.colcon_core.package_identification:_identify(src/ddt_ros2_control/docker) by extension 'ros'
[0.286s] Level 1:colcon.colcon_core.package_identification:_identify(src/ddt_ros2_control/docker) by extensions ['cmake', 'python']
[0.286s] Level 1:colcon.colcon_core.package_identification:_identify(src/ddt_ros2_control/docker) by extension 'cmake'
[0.286s] Level 1:colcon.colcon_core.package_identification:_identify(src/ddt_ros2_control/docker) by extension 'python'
[0.286s] Level 1:colcon.colcon_core.package_identification:_identify(src/ddt_ros2_control/docker) by extensions ['python_setup_py']
[0.286s] Level 1:colcon.colcon_core.package_identification:_identify(src/ddt_ros2_control/docker) by extension 'python_setup_py'
[0.286s] Level 1:colcon.colcon_core.package_identification:_identify(src/ddt_ros2_control/hardware) by extensions ['ignore', 'ignore_ament_install']
[0.286s] Level 1:colcon.colcon_core.package_identification:_identify(src/ddt_ros2_control/hardware) by extension 'ignore'
[0.286s] Level 1:colcon.colcon_core.package_identification:_identify(src/ddt_ros2_control/hardware) by extension 'ignore_ament_install'
[0.286s] Level 1:colcon.colcon_core.package_identification:_identify(src/ddt_ros2_control/hardware) by extensions ['colcon_pkg']
[0.286s] Level 1:colcon.colcon_core.package_identification:_identify(src/ddt_ros2_control/hardware) by extension 'colcon_pkg'
[0.286s] Level 1:colcon.colcon_core.package_identification:_identify(src/ddt_ros2_control/hardware) by extensions ['colcon_meta']
[0.286s] Level 1:colcon.colcon_core.package_identification:_identify(src/ddt_ros2_control/hardware) by extension 'colcon_meta'
[0.286s] Level 1:colcon.colcon_core.package_identification:_identify(src/ddt_ros2_control/hardware) by extensions ['ros']
[0.286s] Level 1:colcon.colcon_core.package_identification:_identify(src/ddt_ros2_control/hardware) by extension 'ros'
[0.286s] Level 1:colcon.colcon_core.package_identification:_identify(src/ddt_ros2_control/hardware) by extensions ['cmake', 'python']
[0.286s] Level 1:colcon.colcon_core.package_identification:_identify(src/ddt_ros2_control/hardware) by extension 'cmake'
[0.287s] Level 1:colcon.colcon_core.package_identification:_identify(src/ddt_ros2_control/hardware) by extension 'python'
[0.287s] Level 1:colcon.colcon_core.package_identification:_identify(src/ddt_ros2_control/hardware) by extensions ['python_setup_py']
[0.287s] Level 1:colcon.colcon_core.package_identification:_identify(src/ddt_ros2_control/hardware) by extension 'python_setup_py'
[0.287s] Level 1:colcon.colcon_core.package_identification:_identify(src/ddt_ros2_control/hardware/hardware_bridge) by extensions ['ignore', 'ignore_ament_install']
[0.287s] Level 1:colcon.colcon_core.package_identification:_identify(src/ddt_ros2_control/hardware/hardware_bridge) by extension 'ignore'
[0.287s] Level 1:colcon.colcon_core.package_identification:_identify(src/ddt_ros2_control/hardware/hardware_bridge) by extension 'ignore_ament_install'
[0.287s] Level 1:colcon.colcon_core.package_identification:_identify(src/ddt_ros2_control/hardware/hardware_bridge) by extensions ['colcon_pkg']
[0.287s] Level 1:colcon.colcon_core.package_identification:_identify(src/ddt_ros2_control/hardware/hardware_bridge) by extension 'colcon_pkg'
[0.287s] Level 1:colcon.colcon_core.package_identification:_identify(src/ddt_ros2_control/hardware/hardware_bridge) by extensions ['colcon_meta']
[0.287s] Level 1:colcon.colcon_core.package_identification:_identify(src/ddt_ros2_control/hardware/hardware_bridge) by extension 'colcon_meta'
[0.287s] Level 1:colcon.colcon_core.package_identification:_identify(src/ddt_ros2_control/hardware/hardware_bridge) by extensions ['ros']
[0.287s] Level 1:colcon.colcon_core.package_identification:_identify(src/ddt_ros2_control/hardware/hardware_bridge) by extension 'ros'
[0.288s] DEBUG:colcon.colcon_core.package_identification:Package 'src/ddt_ros2_control/hardware/hardware_bridge' with type 'ros.ament_cmake' and name 'hardware_bridge'
[0.288s] Level 1:colcon.colcon_core.package_identification:_identify(src/ddt_ros2_control/hardware/tita_robot) by extensions ['ignore', 'ignore_ament_install']
[0.288s] Level 1:colcon.colcon_core.package_identification:_identify(src/ddt_ros2_control/hardware/tita_robot) by extension 'ignore'
[0.288s] Level 1:colcon.colcon_core.package_identification:_identify(src/ddt_ros2_control/hardware/tita_robot) by extension 'ignore_ament_install'
[0.288s] Level 1:colcon.colcon_core.package_identification:_identify(src/ddt_ros2_control/hardware/tita_robot) by extensions ['colcon_pkg']
[0.288s] Level 1:colcon.colcon_core.package_identification:_identify(src/ddt_ros2_control/hardware/tita_robot) by extension 'colcon_pkg'
[0.288s] Level 1:colcon.colcon_core.package_identification:_identify(src/ddt_ros2_control/hardware/tita_robot) by extensions ['colcon_meta']
[0.288s] Level 1:colcon.colcon_core.package_identification:_identify(src/ddt_ros2_control/hardware/tita_robot) by extension 'colcon_meta'
[0.288s] Level 1:colcon.colcon_core.package_identification:_identify(src/ddt_ros2_control/hardware/tita_robot) by extensions ['ros']
[0.288s] Level 1:colcon.colcon_core.package_identification:_identify(src/ddt_ros2_control/hardware/tita_robot) by extension 'ros'
[0.291s] DEBUG:colcon.colcon_core.package_identification:Package 'src/ddt_ros2_control/hardware/tita_robot' with type 'ros.ament_cmake' and name 'tita_robot'
[0.291s] Level 1:colcon.colcon_core.package_identification:_identify(src/ddt_ros2_control/interaction) by extensions ['ignore', 'ignore_ament_install']
[0.291s] Level 1:colcon.colcon_core.package_identification:_identify(src/ddt_ros2_control/interaction) by extension 'ignore'
[0.291s] Level 1:colcon.colcon_core.package_identification:_identify(src/ddt_ros2_control/interaction) by extension 'ignore_ament_install'
[0.291s] Level 1:colcon.colcon_core.package_identification:_identify(src/ddt_ros2_control/interaction) by extensions ['colcon_pkg']
[0.291s] Level 1:colcon.colcon_core.package_identification:_identify(src/ddt_ros2_control/interaction) by extension 'colcon_pkg'
[0.291s] Level 1:colcon.colcon_core.package_identification:_identify(src/ddt_ros2_control/interaction) by extensions ['colcon_meta']
[0.291s] Level 1:colcon.colcon_core.package_identification:_identify(src/ddt_ros2_control/interaction) by extension 'colcon_meta'
[0.291s] Level 1:colcon.colcon_core.package_identification:_identify(src/ddt_ros2_control/interaction) by extensions ['ros']
[0.291s] Level 1:colcon.colcon_core.package_identification:_identify(src/ddt_ros2_control/interaction) by extension 'ros'
[0.291s] Level 1:colcon.colcon_core.package_identification:_identify(src/ddt_ros2_control/interaction) by extensions ['cmake', 'python']
[0.291s] Level 1:colcon.colcon_core.package_identification:_identify(src/ddt_ros2_control/interaction) by extension 'cmake'
[0.291s] Level 1:colcon.colcon_core.package_identification:_identify(src/ddt_ros2_control/interaction) by extension 'python'
[0.291s] Level 1:colcon.colcon_core.package_identification:_identify(src/ddt_ros2_control/interaction) by extensions ['python_setup_py']
[0.291s] Level 1:colcon.colcon_core.package_identification:_identify(src/ddt_ros2_control/interaction) by extension 'python_setup_py'
[0.291s] Level 1:colcon.colcon_core.package_identification:_identify(src/ddt_ros2_control/interaction/keyboard_controller) by extensions ['ignore', 'ignore_ament_install']
[0.291s] Level 1:colcon.colcon_core.package_identification:_identify(src/ddt_ros2_control/interaction/keyboard_controller) by extension 'ignore'
[0.291s] Level 1:colcon.colcon_core.package_identification:_identify(src/ddt_ros2_control/interaction/keyboard_controller) by extension 'ignore_ament_install'
[0.292s] Level 1:colcon.colcon_core.package_identification:_identify(src/ddt_ros2_control/interaction/keyboard_controller) by extensions ['colcon_pkg']
[0.292s] Level 1:colcon.colcon_core.package_identification:_identify(src/ddt_ros2_control/interaction/keyboard_controller) by extension 'colcon_pkg'
[0.292s] Level 1:colcon.colcon_core.package_identification:_identify(src/ddt_ros2_control/interaction/keyboard_controller) by extensions ['colcon_meta']
[0.292s] Level 1:colcon.colcon_core.package_identification:_identify(src/ddt_ros2_control/interaction/keyboard_controller) by extension 'colcon_meta'
[0.292s] Level 1:colcon.colcon_core.package_identification:_identify(src/ddt_ros2_control/interaction/keyboard_controller) by extensions ['ros']
[0.292s] Level 1:colcon.colcon_core.package_identification:_identify(src/ddt_ros2_control/interaction/keyboard_controller) by extension 'ros'
[0.293s] DEBUG:colcon.colcon_core.package_identification:Package 'src/ddt_ros2_control/interaction/keyboard_controller' with type 'ros.ament_cmake' and name 'keyboard_controller'
[0.293s] Level 1:colcon.colcon_core.package_identification:_identify(src/ddt_ros2_control/interaction/teleop_command) by extensions ['ignore', 'ignore_ament_install']
[0.293s] Level 1:colcon.colcon_core.package_identification:_identify(src/ddt_ros2_control/interaction/teleop_command) by extension 'ignore'
[0.293s] Level 1:colcon.colcon_core.package_identification:_identify(src/ddt_ros2_control/interaction/teleop_command) by extension 'ignore_ament_install'
[0.293s] Level 1:colcon.colcon_core.package_identification:_identify(src/ddt_ros2_control/interaction/teleop_command) by extensions ['colcon_pkg']
[0.293s] Level 1:colcon.colcon_core.package_identification:_identify(src/ddt_ros2_control/interaction/teleop_command) by extension 'colcon_pkg'
[0.293s] Level 1:colcon.colcon_core.package_identification:_identify(src/ddt_ros2_control/interaction/teleop_command) by extensions ['colcon_meta']
[0.293s] Level 1:colcon.colcon_core.package_identification:_identify(src/ddt_ros2_control/interaction/teleop_command) by extension 'colcon_meta'
[0.293s] Level 1:colcon.colcon_core.package_identification:_identify(src/ddt_ros2_control/interaction/teleop_command) by extensions ['ros']
[0.293s] Level 1:colcon.colcon_core.package_identification:_identify(src/ddt_ros2_control/interaction/teleop_command) by extension 'ros'
[0.294s] DEBUG:colcon.colcon_core.package_identification:Package 'src/ddt_ros2_control/interaction/teleop_command' with type 'ros.ament_cmake' and name 'teleop_command'
[0.294s] Level 1:colcon.colcon_core.package_identification:_identify(src/ddt_ros2_control/ros_utils) by extensions ['ignore', 'ignore_ament_install']
[0.294s] Level 1:colcon.colcon_core.package_identification:_identify(src/ddt_ros2_control/ros_utils) by extension 'ignore'
[0.294s] Level 1:colcon.colcon_core.package_identification:_identify(src/ddt_ros2_control/ros_utils) by extension 'ignore_ament_install'
[0.294s] Level 1:colcon.colcon_core.package_identification:_identify(src/ddt_ros2_control/ros_utils) by extensions ['colcon_pkg']
[0.294s] Level 1:colcon.colcon_core.package_identification:_identify(src/ddt_ros2_control/ros_utils) by extension 'colcon_pkg'
[0.294s] Level 1:colcon.colcon_core.package_identification:_identify(src/ddt_ros2_control/ros_utils) by extensions ['colcon_meta']
[0.294s] Level 1:colcon.colcon_core.package_identification:_identify(src/ddt_ros2_control/ros_utils) by extension 'colcon_meta'
[0.294s] Level 1:colcon.colcon_core.package_identification:_identify(src/ddt_ros2_control/ros_utils) by extensions ['ros']
[0.294s] Level 1:colcon.colcon_core.package_identification:_identify(src/ddt_ros2_control/ros_utils) by extension 'ros'
[0.295s] DEBUG:colcon.colcon_core.package_identification:Package 'src/ddt_ros2_control/ros_utils' with type 'ros.ament_cmake' and name 'ros_utils'
[0.295s] Level 1:colcon.colcon_core.package_identification:_identify(src/ddt_ros2_control/simulation) by extensions ['ignore', 'ignore_ament_install']
[0.295s] Level 1:colcon.colcon_core.package_identification:_identify(src/ddt_ros2_control/simulation) by extension 'ignore'
[0.295s] Level 1:colcon.colcon_core.package_identification:_identify(src/ddt_ros2_control/simulation) by extension 'ignore_ament_install'
[0.295s] Level 1:colcon.colcon_core.package_identification:_identify(src/ddt_ros2_control/simulation) by extensions ['colcon_pkg']
[0.295s] Level 1:colcon.colcon_core.package_identification:_identify(src/ddt_ros2_control/simulation) by extension 'colcon_pkg'
[0.295s] Level 1:colcon.colcon_core.package_identification:_identify(src/ddt_ros2_control/simulation) by extensions ['colcon_meta']
[0.295s] Level 1:colcon.colcon_core.package_identification:_identify(src/ddt_ros2_control/simulation) by extension 'colcon_meta'
[0.295s] Level 1:colcon.colcon_core.package_identification:_identify(src/ddt_ros2_control/simulation) by extensions ['ros']
[0.295s] Level 1:colcon.colcon_core.package_identification:_identify(src/ddt_ros2_control/simulation) by extension 'ros'
[0.295s] Level 1:colcon.colcon_core.package_identification:_identify(src/ddt_ros2_control/simulation) by extensions ['cmake', 'python']
[0.295s] Level 1:colcon.colcon_core.package_identification:_identify(src/ddt_ros2_control/simulation) by extension 'cmake'
[0.295s] Level 1:colcon.colcon_core.package_identification:_identify(src/ddt_ros2_control/simulation) by extension 'python'
[0.295s] Level 1:colcon.colcon_core.package_identification:_identify(src/ddt_ros2_control/simulation) by extensions ['python_setup_py']
[0.295s] Level 1:colcon.colcon_core.package_identification:_identify(src/ddt_ros2_control/simulation) by extension 'python_setup_py'
[0.296s] Level 1:colcon.colcon_core.package_identification:_identify(src/ddt_ros2_control/simulation/gazebo_bridge) by extensions ['ignore', 'ignore_ament_install']
[0.296s] Level 1:colcon.colcon_core.package_identification:_identify(src/ddt_ros2_control/simulation/gazebo_bridge) by extension 'ignore'
[0.296s] Level 1:colcon.colcon_core.package_identification:_identify(src/ddt_ros2_control/simulation/gazebo_bridge) by extension 'ignore_ament_install'
[0.296s] Level 1:colcon.colcon_core.package_identification:_identify(src/ddt_ros2_control/simulation/gazebo_bridge) by extensions ['colcon_pkg']
[0.296s] Level 1:colcon.colcon_core.package_identification:_identify(src/ddt_ros2_control/simulation/gazebo_bridge) by extension 'colcon_pkg'
[0.296s] Level 1:colcon.colcon_core.package_identification:_identify(src/ddt_ros2_control/simulation/gazebo_bridge) by extensions ['colcon_meta']
[0.296s] Level 1:colcon.colcon_core.package_identification:_identify(src/ddt_ros2_control/simulation/gazebo_bridge) by extension 'colcon_meta'
[0.296s] Level 1:colcon.colcon_core.package_identification:_identify(src/ddt_ros2_control/simulation/gazebo_bridge) by extensions ['ros']
[0.296s] Level 1:colcon.colcon_core.package_identification:_identify(src/ddt_ros2_control/simulation/gazebo_bridge) by extension 'ros'
[0.311s] DEBUG:colcon.colcon_core.package_identification:Package 'src/ddt_ros2_control/simulation/gazebo_bridge' with type 'ros.ament_cmake' and name 'gazebo_bridge'
[0.312s] Level 1:colcon.colcon_core.package_identification:_identify(src/ddt_ros2_control/simulation/mujoco_bridge) by extensions ['ignore', 'ignore_ament_install']
[0.312s] Level 1:colcon.colcon_core.package_identification:_identify(src/ddt_ros2_control/simulation/mujoco_bridge) by extension 'ignore'
[0.312s] Level 1:colcon.colcon_core.package_identification:_identify(src/ddt_ros2_control/simulation/mujoco_bridge) by extension 'ignore_ament_install'
[0.312s] Level 1:colcon.colcon_core.package_identification:_identify(src/ddt_ros2_control/simulation/mujoco_bridge) by extensions ['colcon_pkg']
[0.312s] Level 1:colcon.colcon_core.package_identification:_identify(src/ddt_ros2_control/simulation/mujoco_bridge) by extension 'colcon_pkg'
[0.312s] Level 1:colcon.colcon_core.package_identification:_identify(src/ddt_ros2_control/simulation/mujoco_bridge) by extensions ['colcon_meta']
[0.312s] Level 1:colcon.colcon_core.package_identification:_identify(src/ddt_ros2_control/simulation/mujoco_bridge) by extension 'colcon_meta'
[0.312s] Level 1:colcon.colcon_core.package_identification:_identify(src/ddt_ros2_control/simulation/mujoco_bridge) by extensions ['ros']
[0.312s] Level 1:colcon.colcon_core.package_identification:_identify(src/ddt_ros2_control/simulation/mujoco_bridge) by extension 'ros'
[0.312s] Level 1:colcon.colcon_core.package_identification:_identify(src/ddt_ros2_control/simulation/mujoco_bridge) by extensions ['cmake', 'python']
[0.312s] Level 1:colcon.colcon_core.package_identification:_identify(src/ddt_ros2_control/simulation/mujoco_bridge) by extension 'cmake'
[0.312s] Level 1:colcon.colcon_core.package_identification:_identify(src/ddt_ros2_control/simulation/mujoco_bridge) by extension 'python'
[0.312s] Level 1:colcon.colcon_core.package_identification:_identify(src/ddt_ros2_control/simulation/mujoco_bridge) by extensions ['python_setup_py']
[0.312s] Level 1:colcon.colcon_core.package_identification:_identify(src/ddt_ros2_control/simulation/mujoco_bridge) by extension 'python_setup_py'
[0.312s] Level 1:colcon.colcon_core.package_identification:_identify(src/ddt_ros2_control/simulation/mujoco_bridge/mujoco_bridge) by extensions ['ignore', 'ignore_ament_install']
[0.312s] Level 1:colcon.colcon_core.package_identification:_identify(src/ddt_ros2_control/simulation/mujoco_bridge/mujoco_bridge) by extension 'ignore'
[0.312s] Level 1:colcon.colcon_core.package_identification:_identify(src/ddt_ros2_control/simulation/mujoco_bridge/mujoco_bridge) by extension 'ignore_ament_install'
[0.312s] Level 1:colcon.colcon_core.package_identification:_identify(src/ddt_ros2_control/simulation/mujoco_bridge/mujoco_bridge) by extensions ['colcon_pkg']
[0.312s] Level 1:colcon.colcon_core.package_identification:_identify(src/ddt_ros2_control/simulation/mujoco_bridge/mujoco_bridge) by extension 'colcon_pkg'
[0.313s] Level 1:colcon.colcon_core.package_identification:_identify(src/ddt_ros2_control/simulation/mujoco_bridge/mujoco_bridge) by extensions ['colcon_meta']
[0.313s] Level 1:colcon.colcon_core.package_identification:_identify(src/ddt_ros2_control/simulation/mujoco_bridge/mujoco_bridge) by extension 'colcon_meta'
[0.313s] Level 1:colcon.colcon_core.package_identification:_identify(src/ddt_ros2_control/simulation/mujoco_bridge/mujoco_bridge) by extensions ['ros']
[0.313s] Level 1:colcon.colcon_core.package_identification:_identify(src/ddt_ros2_control/simulation/mujoco_bridge/mujoco_bridge) by extension 'ros'
[0.313s] DEBUG:colcon.colcon_core.package_identification:Package 'src/ddt_ros2_control/simulation/mujoco_bridge/mujoco_bridge' with type 'ros.ament_cmake' and name 'mujoco_bridge'
[0.313s] Level 1:colcon.colcon_core.package_identification:_identify(src/ddt_ros2_control/simulation/mujoco_bridge/mujoco_ros2_control) by extensions ['ignore', 'ignore_ament_install']
[0.313s] Level 1:colcon.colcon_core.package_identification:_identify(src/ddt_ros2_control/simulation/mujoco_bridge/mujoco_ros2_control) by extension 'ignore'
[0.313s] Level 1:colcon.colcon_core.package_identification:_identify(src/ddt_ros2_control/simulation/mujoco_bridge/mujoco_ros2_control) by extension 'ignore_ament_install'
[0.313s] Level 1:colcon.colcon_core.package_identification:_identify(src/ddt_ros2_control/simulation/mujoco_bridge/mujoco_ros2_control) by extensions ['colcon_pkg']
[0.314s] Level 1:colcon.colcon_core.package_identification:_identify(src/ddt_ros2_control/simulation/mujoco_bridge/mujoco_ros2_control) by extension 'colcon_pkg'
[0.314s] Level 1:colcon.colcon_core.package_identification:_identify(src/ddt_ros2_control/simulation/mujoco_bridge/mujoco_ros2_control) by extensions ['colcon_meta']
[0.314s] Level 1:colcon.colcon_core.package_identification:_identify(src/ddt_ros2_control/simulation/mujoco_bridge/mujoco_ros2_control) by extension 'colcon_meta'
[0.314s] Level 1:colcon.colcon_core.package_identification:_identify(src/ddt_ros2_control/simulation/mujoco_bridge/mujoco_ros2_control) by extensions ['ros']
[0.314s] Level 1:colcon.colcon_core.package_identification:_identify(src/ddt_ros2_control/simulation/mujoco_bridge/mujoco_ros2_control) by extension 'ros'
[0.315s] DEBUG:colcon.colcon_core.package_identification:Package 'src/ddt_ros2_control/simulation/mujoco_bridge/mujoco_ros2_control' with type 'ros.ament_cmake' and name 'mujoco_ros2_control'
[0.315s] Level 1:colcon.colcon_core.package_identification:_identify(src/ddt_ros2_control/simulation/mujoco_bridge/mujoco_sim_ros2) by extensions ['ignore', 'ignore_ament_install']
[0.315s] Level 1:colcon.colcon_core.package_identification:_identify(src/ddt_ros2_control/simulation/mujoco_bridge/mujoco_sim_ros2) by extension 'ignore'
[0.315s] Level 1:colcon.colcon_core.package_identification:_identify(src/ddt_ros2_control/simulation/mujoco_bridge/mujoco_sim_ros2) by extension 'ignore_ament_install'
[0.315s] Level 1:colcon.colcon_core.package_identification:_identify(src/ddt_ros2_control/simulation/mujoco_bridge/mujoco_sim_ros2) by extensions ['colcon_pkg']
[0.315s] Level 1:colcon.colcon_core.package_identification:_identify(src/ddt_ros2_control/simulation/mujoco_bridge/mujoco_sim_ros2) by extension 'colcon_pkg'
[0.315s] Level 1:colcon.colcon_core.package_identification:_identify(src/ddt_ros2_control/simulation/mujoco_bridge/mujoco_sim_ros2) by extensions ['colcon_meta']
[0.315s] Level 1:colcon.colcon_core.package_identification:_identify(src/ddt_ros2_control/simulation/mujoco_bridge/mujoco_sim_ros2) by extension 'colcon_meta'
[0.315s] Level 1:colcon.colcon_core.package_identification:_identify(src/ddt_ros2_control/simulation/mujoco_bridge/mujoco_sim_ros2) by extensions ['ros']
[0.315s] Level 1:colcon.colcon_core.package_identification:_identify(src/ddt_ros2_control/simulation/mujoco_bridge/mujoco_sim_ros2) by extension 'ros'
[0.316s] DEBUG:colcon.colcon_core.package_identification:Package 'src/ddt_ros2_control/simulation/mujoco_bridge/mujoco_sim_ros2' with type 'ros.ament_cmake' and name 'mujoco_sim_ros2'
[0.316s] Level 1:colcon.colcon_core.package_identification:_identify(src/ddt_ros2_control/simulation/webots_bridge) by extensions ['ignore', 'ignore_ament_install']
[0.316s] Level 1:colcon.colcon_core.package_identification:_identify(src/ddt_ros2_control/simulation/webots_bridge) by extension 'ignore'
[0.316s] Level 1:colcon.colcon_core.package_identification:_identify(src/ddt_ros2_control/simulation/webots_bridge) by extension 'ignore_ament_install'
[0.316s] Level 1:colcon.colcon_core.package_identification:_identify(src/ddt_ros2_control/simulation/webots_bridge) by extensions ['colcon_pkg']
[0.316s] Level 1:colcon.colcon_core.package_identification:_identify(src/ddt_ros2_control/simulation/webots_bridge) by extension 'colcon_pkg'
[0.316s] Level 1:colcon.colcon_core.package_identification:_identify(src/ddt_ros2_control/simulation/webots_bridge) by extensions ['colcon_meta']
[0.316s] Level 1:colcon.colcon_core.package_identification:_identify(src/ddt_ros2_control/simulation/webots_bridge) by extension 'colcon_meta'
[0.316s] Level 1:colcon.colcon_core.package_identification:_identify(src/ddt_ros2_control/simulation/webots_bridge) by extensions ['ros']
[0.316s] Level 1:colcon.colcon_core.package_identification:_identify(src/ddt_ros2_control/simulation/webots_bridge) by extension 'ros'
[0.317s] DEBUG:colcon.colcon_core.package_identification:Package 'src/ddt_ros2_control/simulation/webots_bridge' with type 'ros.ament_cmake' and name 'webots_bridge'
[0.317s] Level 1:colcon.colcon_core.package_identification:_identify(src/ddt_ros2_control/urdfs) by extensions ['ignore', 'ignore_ament_install']
[0.317s] Level 1:colcon.colcon_core.package_identification:_identify(src/ddt_ros2_control/urdfs) by extension 'ignore'
[0.317s] Level 1:colcon.colcon_core.package_identification:_identify(src/ddt_ros2_control/urdfs) by extension 'ignore_ament_install'
[0.318s] Level 1:colcon.colcon_core.package_identification:_identify(src/ddt_ros2_control/urdfs) by extensions ['colcon_pkg']
[0.318s] Level 1:colcon.colcon_core.package_identification:_identify(src/ddt_ros2_control/urdfs) by extension 'colcon_pkg'
[0.318s] Level 1:colcon.colcon_core.package_identification:_identify(src/ddt_ros2_control/urdfs) by extensions ['colcon_meta']
[0.318s] Level 1:colcon.colcon_core.package_identification:_identify(src/ddt_ros2_control/urdfs) by extension 'colcon_meta'
[0.318s] Level 1:colcon.colcon_core.package_identification:_identify(src/ddt_ros2_control/urdfs) by extensions ['ros']
[0.318s] Level 1:colcon.colcon_core.package_identification:_identify(src/ddt_ros2_control/urdfs) by extension 'ros'
[0.318s] Level 1:colcon.colcon_core.package_identification:_identify(src/ddt_ros2_control/urdfs) by extensions ['cmake', 'python']
[0.318s] Level 1:colcon.colcon_core.package_identification:_identify(src/ddt_ros2_control/urdfs) by extension 'cmake'
[0.318s] Level 1:colcon.colcon_core.package_identification:_identify(src/ddt_ros2_control/urdfs) by extension 'python'
[0.318s] Level 1:colcon.colcon_core.package_identification:_identify(src/ddt_ros2_control/urdfs) by extensions ['python_setup_py']
[0.318s] Level 1:colcon.colcon_core.package_identification:_identify(src/ddt_ros2_control/urdfs) by extension 'python_setup_py'
[0.318s] Level 1:colcon.colcon_core.package_identification:_identify(src/ddt_ros2_control/urdfs/d1_description) by extensions ['ignore', 'ignore_ament_install']
[0.318s] Level 1:colcon.colcon_core.package_identification:_identify(src/ddt_ros2_control/urdfs/d1_description) by extension 'ignore'
[0.318s] Level 1:colcon.colcon_core.package_identification:_identify(src/ddt_ros2_control/urdfs/d1_description) by extension 'ignore_ament_install'
[0.318s] Level 1:colcon.colcon_core.package_identification:_identify(src/ddt_ros2_control/urdfs/d1_description) by extensions ['colcon_pkg']
[0.318s] Level 1:colcon.colcon_core.package_identification:_identify(src/ddt_ros2_control/urdfs/d1_description) by extension 'colcon_pkg'
[0.318s] Level 1:colcon.colcon_core.package_identification:_identify(src/ddt_ros2_control/urdfs/d1_description) by extensions ['colcon_meta']
[0.318s] Level 1:colcon.colcon_core.package_identification:_identify(src/ddt_ros2_control/urdfs/d1_description) by extension 'colcon_meta'
[0.318s] Level 1:colcon.colcon_core.package_identification:_identify(src/ddt_ros2_control/urdfs/d1_description) by extensions ['ros']
[0.318s] Level 1:colcon.colcon_core.package_identification:_identify(src/ddt_ros2_control/urdfs/d1_description) by extension 'ros'
[0.322s] DEBUG:colcon.colcon_core.package_identification:Package 'src/ddt_ros2_control/urdfs/d1_description' with type 'ros.ament_cmake' and name 'd1_description'
[0.322s] Level 1:colcon.colcon_core.package_identification:_identify(src/ddt_ros2_control/urdfs/d1h_description) by extensions ['ignore', 'ignore_ament_install']
[0.322s] Level 1:colcon.colcon_core.package_identification:_identify(src/ddt_ros2_control/urdfs/d1h_description) by extension 'ignore'
[0.322s] Level 1:colcon.colcon_core.package_identification:_identify(src/ddt_ros2_control/urdfs/d1h_description) by extension 'ignore_ament_install'
[0.322s] Level 1:colcon.colcon_core.package_identification:_identify(src/ddt_ros2_control/urdfs/d1h_description) by extensions ['colcon_pkg']
[0.322s] Level 1:colcon.colcon_core.package_identification:_identify(src/ddt_ros2_control/urdfs/d1h_description) by extension 'colcon_pkg'
[0.322s] Level 1:colcon.colcon_core.package_identification:_identify(src/ddt_ros2_control/urdfs/d1h_description) by extensions ['colcon_meta']
[0.322s] Level 1:colcon.colcon_core.package_identification:_identify(src/ddt_ros2_control/urdfs/d1h_description) by extension 'colcon_meta'
[0.322s] Level 1:colcon.colcon_core.package_identification:_identify(src/ddt_ros2_control/urdfs/d1h_description) by extensions ['ros']
[0.322s] Level 1:colcon.colcon_core.package_identification:_identify(src/ddt_ros2_control/urdfs/d1h_description) by extension 'ros'
[0.325s] DEBUG:colcon.colcon_core.package_identification:Package 'src/ddt_ros2_control/urdfs/d1h_description' with type 'ros.ament_cmake' and name 'd1h_description'
[0.325s] Level 1:colcon.colcon_core.package_identification:_identify(src/ddt_ros2_control/urdfs/tita_description) by extensions ['ignore', 'ignore_ament_install']
[0.325s] Level 1:colcon.colcon_core.package_identification:_identify(src/ddt_ros2_control/urdfs/tita_description) by extension 'ignore'
[0.325s] Level 1:colcon.colcon_core.package_identification:_identify(src/ddt_ros2_control/urdfs/tita_description) by extension 'ignore_ament_install'
[0.325s] Level 1:colcon.colcon_core.package_identification:_identify(src/ddt_ros2_control/urdfs/tita_description) by extensions ['colcon_pkg']
[0.325s] Level 1:colcon.colcon_core.package_identification:_identify(src/ddt_ros2_control/urdfs/tita_description) by extension 'colcon_pkg'
[0.326s] Level 1:colcon.colcon_core.package_identification:_identify(src/ddt_ros2_control/urdfs/tita_description) by extensions ['colcon_meta']
[0.326s] Level 1:colcon.colcon_core.package_identification:_identify(src/ddt_ros2_control/urdfs/tita_description) by extension 'colcon_meta'
[0.326s] Level 1:colcon.colcon_core.package_identification:_identify(src/ddt_ros2_control/urdfs/tita_description) by extensions ['ros']
[0.326s] Level 1:colcon.colcon_core.package_identification:_identify(src/ddt_ros2_control/urdfs/tita_description) by extension 'ros'
[0.328s] DEBUG:colcon.colcon_core.package_identification:Package 'src/ddt_ros2_control/urdfs/tita_description' with type 'ros.ament_cmake' and name 'tita_description'
[0.328s] Level 1:colcon.colcon_core.package_identification:_identify(src/ddt_ros2_control/urdfs/titatit_description) by extensions ['ignore', 'ignore_ament_install']
[0.329s] Level 1:colcon.colcon_core.package_identification:_identify(src/ddt_ros2_control/urdfs/titatit_description) by extension 'ignore'
[0.329s] Level 1:colcon.colcon_core.package_identification:_identify(src/ddt_ros2_control/urdfs/titatit_description) by extension 'ignore_ament_install'
[0.329s] Level 1:colcon.colcon_core.package_identification:_identify(src/ddt_ros2_control/urdfs/titatit_description) by extensions ['colcon_pkg']
[0.329s] Level 1:colcon.colcon_core.package_identification:_identify(src/ddt_ros2_control/urdfs/titatit_description) by extension 'colcon_pkg'
[0.329s] Level 1:colcon.colcon_core.package_identification:_identify(src/ddt_ros2_control/urdfs/titatit_description) by extensions ['colcon_meta']
[0.329s] Level 1:colcon.colcon_core.package_identification:_identify(src/ddt_ros2_control/urdfs/titatit_description) by extension 'colcon_meta'
[0.329s] Level 1:colcon.colcon_core.package_identification:_identify(src/ddt_ros2_control/urdfs/titatit_description) by extensions ['ros']
[0.329s] Level 1:colcon.colcon_core.package_identification:_identify(src/ddt_ros2_control/urdfs/titatit_description) by extension 'ros'
[0.331s] DEBUG:colcon.colcon_core.package_identification:Package 'src/ddt_ros2_control/urdfs/titatit_description' with type 'ros.ament_cmake' and name 'titatit_description'
[0.332s] Level 1:colcon.colcon_core.package_identification:_identify(src/fishbot_navigation2) by extensions ['ignore', 'ignore_ament_install']
[0.332s] Level 1:colcon.colcon_core.package_identification:_identify(src/fishbot_navigation2) by extension 'ignore'
[0.332s] Level 1:colcon.colcon_core.package_identification:_identify(src/fishbot_navigation2) by extension 'ignore_ament_install'
[0.332s] Level 1:colcon.colcon_core.package_identification:_identify(src/fishbot_navigation2) by extensions ['colcon_pkg']
[0.332s] Level 1:colcon.colcon_core.package_identification:_identify(src/fishbot_navigation2) by extension 'colcon_pkg'
[0.332s] Level 1:colcon.colcon_core.package_identification:_identify(src/fishbot_navigation2) by extensions ['colcon_meta']
[0.332s] Level 1:colcon.colcon_core.package_identification:_identify(src/fishbot_navigation2) by extension 'colcon_meta'
[0.332s] Level 1:colcon.colcon_core.package_identification:_identify(src/fishbot_navigation2) by extensions ['ros']
[0.332s] Level 1:colcon.colcon_core.package_identification:_identify(src/fishbot_navigation2) by extension 'ros'
[0.332s] DEBUG:colcon.colcon_core.package_identification:Package 'src/fishbot_navigation2' with type 'ros.ament_cmake' and name 'fishbot_navigation2'
[0.332s] Level 1:colcon.colcon_core.package_discovery:discover_packages(recursive) using defaults
[0.333s] Level 1:colcon.colcon_core.package_discovery:discover_packages(ignore) discover
[0.333s] Level 1:colcon.colcon_core.package_discovery:discover_packages(ignore) using defaults
[0.333s] Level 1:colcon.colcon_core.package_discovery:discover_packages(path) discover
[0.333s] Level 1:colcon.colcon_core.package_discovery:discover_packages(path) using defaults
[0.355s] INFO:colcon.colcon_core.package_selection:Skipping not selected package 'd1_description' in 'src/ddt_ros2_control/urdfs/d1_description'
[0.355s] INFO:colcon.colcon_core.package_selection:Skipping not selected package 'd1h_description' in 'src/ddt_ros2_control/urdfs/d1h_description'
[0.355s] INFO:colcon.colcon_core.package_selection:Skipping not selected package 'mujoco_sim_ros2' in 'src/ddt_ros2_control/simulation/mujoco_bridge/mujoco_sim_ros2'
[0.355s] INFO:colcon.colcon_core.package_selection:Skipping not selected package 'tita_robot' in 'src/ddt_ros2_control/hardware/tita_robot'
[0.355s] INFO:colcon.colcon_core.package_selection:Skipping not selected package 'titatit_description' in 'src/ddt_ros2_control/urdfs/titatit_description'
[0.355s] INFO:colcon.colcon_core.package_selection:Skipping not selected package 'webots_bridge' in 'src/ddt_ros2_control/simulation/webots_bridge'
[0.355s] INFO:colcon.colcon_core.package_selection:Skipping not selected package 'hardware_bridge' in 'src/ddt_ros2_control/hardware/hardware_bridge'
[0.355s] INFO:colcon.colcon_core.package_selection:Skipping not selected package 'mujoco_ros2_control' in 'src/ddt_ros2_control/simulation/mujoco_bridge/mujoco_ros2_control'
[0.355s] INFO:colcon.colcon_core.package_selection:Skipping not selected package 'teleop_command' in 'src/ddt_ros2_control/interaction/teleop_command'
[0.355s] INFO:colcon.colcon_core.package_selection:Skipping not selected package 'mujoco_bridge' in 'src/ddt_ros2_control/simulation/mujoco_bridge/mujoco_bridge'
[0.356s] Level 1:colcon.colcon_core.package_discovery:discover_packages(prefix_path) check parameters
[0.356s] Level 1:colcon.colcon_core.package_discovery:discover_packages(prefix_path) discover
[0.358s] DEBUG:colcon.colcon_installed_package_information.package_discovery:Found 440 installed packages in /opt/ros/humble
[0.360s] Level 1:colcon.colcon_core.package_discovery:discover_packages(prefix_path) using defaults
[0.408s] Level 5:colcon.colcon_core.verb:set package 'fishbot_navigation2' build argument 'cmake_args' from command line to '['-DCMAKE_BUILD_TYPE=Release']'
[0.408s] Level 5:colcon.colcon_core.verb:set package 'fishbot_navigation2' build argument 'cmake_target' from command line to 'None'
[0.408s] Level 5:colcon.colcon_core.verb:set package 'fishbot_navigation2' build argument 'cmake_target_skip_unavailable' from command line to 'False'
[0.408s] Level 5:colcon.colcon_core.verb:set package 'fishbot_navigation2' build argument 'cmake_clean_cache' from command line to 'False'
[0.408s] Level 5:colcon.colcon_core.verb:set package 'fishbot_navigation2' build argument 'cmake_clean_first' from command line to 'False'
[0.408s] Level 5:colcon.colcon_core.verb:set package 'fishbot_navigation2' build argument 'cmake_force_configure' from command line to 'False'
[0.408s] Level 5:colcon.colcon_core.verb:set package 'fishbot_navigation2' build argument 'ament_cmake_args' from command line to 'None'
[0.408s] Level 5:colcon.colcon_core.verb:set package 'fishbot_navigation2' build argument 'catkin_cmake_args' from command line to 'None'
[0.408s] Level 5:colcon.colcon_core.verb:set package 'fishbot_navigation2' build argument 'catkin_skip_building_tests' from command line to 'False'
[0.408s] DEBUG:colcon.colcon_core.verb:Building package 'fishbot_navigation2' with the following arguments: {'ament_cmake_args': None, 'build_base': '/home/aiseon/navigation2_all/leg4_MPPI/build/fishbot_navigation2', 'catkin_cmake_args': None, 'catkin_skip_building_tests': False, 'cmake_args': ['-DCMAKE_BUILD_TYPE=Release'], 'cmake_clean_cache': False, 'cmake_clean_first': False, 'cmake_force_configure': False, 'cmake_target': None, 'cmake_target_skip_unavailable': False, 'install_base': '/home/aiseon/navigation2_all/leg4_MPPI/install/fishbot_navigation2', 'merge_install': False, 'path': '/home/aiseon/navigation2_all/leg4_MPPI/src/fishbot_navigation2', 'symlink_install': True, 'test_result_base': None}
[0.409s] Level 5:colcon.colcon_core.verb:set package 'ros_utils' build argument 'cmake_args' from command line to '['-DCMAKE_BUILD_TYPE=Release']'
[0.409s] Level 5:colcon.colcon_core.verb:set package 'ros_utils' build argument 'cmake_target' from command line to 'None'
[0.409s] Level 5:colcon.colcon_core.verb:set package 'ros_utils' build argument 'cmake_target_skip_unavailable' from command line to 'False'
[0.409s] Level 5:colcon.colcon_core.verb:set package 'ros_utils' build argument 'cmake_clean_cache' from command line to 'False'
[0.409s] Level 5:colcon.colcon_core.verb:set package 'ros_utils' build argument 'cmake_clean_first' from command line to 'False'
[0.409s] Level 5:colcon.colcon_core.verb:set package 'ros_utils' build argument 'cmake_force_configure' from command line to 'False'
[0.409s] Level 5:colcon.colcon_core.verb:set package 'ros_utils' build argument 'ament_cmake_args' from command line to 'None'
[0.409s] Level 5:colcon.colcon_core.verb:set package 'ros_utils' build argument 'catkin_cmake_args' from command line to 'None'
[0.409s] Level 5:colcon.colcon_core.verb:set package 'ros_utils' build argument 'catkin_skip_building_tests' from command line to 'False'
[0.409s] DEBUG:colcon.colcon_core.verb:Building package 'ros_utils' with the following arguments: {'ament_cmake_args': None, 'build_base': '/home/aiseon/navigation2_all/leg4_MPPI/build/ros_utils', 'catkin_cmake_args': None, 'catkin_skip_building_tests': False, 'cmake_args': ['-DCMAKE_BUILD_TYPE=Release'], 'cmake_clean_cache': False, 'cmake_clean_first': False, 'cmake_force_configure': False, 'cmake_target': None, 'cmake_target_skip_unavailable': False, 'install_base': '/home/aiseon/navigation2_all/leg4_MPPI/install/ros_utils', 'merge_install': False, 'path': '/home/aiseon/navigation2_all/leg4_MPPI/src/ddt_ros2_control/ros_utils', 'symlink_install': True, 'test_result_base': None}
[0.409s] Level 5:colcon.colcon_core.verb:set package 'tita_description' build argument 'cmake_args' from command line to '['-DCMAKE_BUILD_TYPE=Release']'
[0.409s] Level 5:colcon.colcon_core.verb:set package 'tita_description' build argument 'cmake_target' from command line to 'None'
[0.409s] Level 5:colcon.colcon_core.verb:set package 'tita_description' build argument 'cmake_target_skip_unavailable' from command line to 'False'
[0.409s] Level 5:colcon.colcon_core.verb:set package 'tita_description' build argument 'cmake_clean_cache' from command line to 'False'
[0.409s] Level 5:colcon.colcon_core.verb:set package 'tita_description' build argument 'cmake_clean_first' from command line to 'False'
[0.409s] Level 5:colcon.colcon_core.verb:set package 'tita_description' build argument 'cmake_force_configure' from command line to 'False'
[0.409s] Level 5:colcon.colcon_core.verb:set package 'tita_description' build argument 'ament_cmake_args' from command line to 'None'
[0.409s] Level 5:colcon.colcon_core.verb:set package 'tita_description' build argument 'catkin_cmake_args' from command line to 'None'
[0.409s] Level 5:colcon.colcon_core.verb:set package 'tita_description' build argument 'catkin_skip_building_tests' from command line to 'False'
[0.409s] DEBUG:colcon.colcon_core.verb:Building package 'tita_description' with the following arguments: {'ament_cmake_args': None, 'build_base': '/home/aiseon/navigation2_all/leg4_MPPI/build/tita_description', 'catkin_cmake_args': None, 'catkin_skip_building_tests': False, 'cmake_args': ['-DCMAKE_BUILD_TYPE=Release'], 'cmake_clean_cache': False, 'cmake_clean_first': False, 'cmake_force_configure': False, 'cmake_target': None, 'cmake_target_skip_unavailable': False, 'install_base': '/home/aiseon/navigation2_all/leg4_MPPI/install/tita_description', 'merge_install': False, 'path': '/home/aiseon/navigation2_all/leg4_MPPI/src/ddt_ros2_control/urdfs/tita_description', 'symlink_install': True, 'test_result_base': None}
[0.410s] Level 5:colcon.colcon_core.verb:set package 'gazebo_bridge' build argument 'cmake_args' from command line to '['-DCMAKE_BUILD_TYPE=Release']'
[0.410s] Level 5:colcon.colcon_core.verb:set package 'gazebo_bridge' build argument 'cmake_target' from command line to 'None'
[0.410s] Level 5:colcon.colcon_core.verb:set package 'gazebo_bridge' build argument 'cmake_target_skip_unavailable' from command line to 'False'
[0.410s] Level 5:colcon.colcon_core.verb:set package 'gazebo_bridge' build argument 'cmake_clean_cache' from command line to 'False'
[0.410s] Level 5:colcon.colcon_core.verb:set package 'gazebo_bridge' build argument 'cmake_clean_first' from command line to 'False'
[0.410s] Level 5:colcon.colcon_core.verb:set package 'gazebo_bridge' build argument 'cmake_force_configure' from command line to 'False'
[0.410s] Level 5:colcon.colcon_core.verb:set package 'gazebo_bridge' build argument 'ament_cmake_args' from command line to 'None'
[0.410s] Level 5:colcon.colcon_core.verb:set package 'gazebo_bridge' build argument 'catkin_cmake_args' from command line to 'None'
[0.410s] Level 5:colcon.colcon_core.verb:set package 'gazebo_bridge' build argument 'catkin_skip_building_tests' from command line to 'False'
[0.410s] DEBUG:colcon.colcon_core.verb:Building package 'gazebo_bridge' with the following arguments: {'ament_cmake_args': None, 'build_base': '/home/aiseon/navigation2_all/leg4_MPPI/build/gazebo_bridge', 'catkin_cmake_args': None, 'catkin_skip_building_tests': False, 'cmake_args': ['-DCMAKE_BUILD_TYPE=Release'], 'cmake_clean_cache': False, 'cmake_clean_first': False, 'cmake_force_configure': False, 'cmake_target': None, 'cmake_target_skip_unavailable': False, 'install_base': '/home/aiseon/navigation2_all/leg4_MPPI/install/gazebo_bridge', 'merge_install': False, 'path': '/home/aiseon/navigation2_all/leg4_MPPI/src/ddt_ros2_control/simulation/gazebo_bridge', 'symlink_install': True, 'test_result_base': None}
[0.410s] Level 5:colcon.colcon_core.verb:set package 'keyboard_controller' build argument 'cmake_args' from command line to '['-DCMAKE_BUILD_TYPE=Release']'
[0.410s] Level 5:colcon.colcon_core.verb:set package 'keyboard_controller' build argument 'cmake_target' from command line to 'None'
[0.410s] Level 5:colcon.colcon_core.verb:set package 'keyboard_controller' build argument 'cmake_target_skip_unavailable' from command line to 'False'
[0.410s] Level 5:colcon.colcon_core.verb:set package 'keyboard_controller' build argument 'cmake_clean_cache' from command line to 'False'
[0.410s] Level 5:colcon.colcon_core.verb:set package 'keyboard_controller' build argument 'cmake_clean_first' from command line to 'False'
[0.410s] Level 5:colcon.colcon_core.verb:set package 'keyboard_controller' build argument 'cmake_force_configure' from command line to 'False'
[0.410s] Level 5:colcon.colcon_core.verb:set package 'keyboard_controller' build argument 'ament_cmake_args' from command line to 'None'
[0.410s] Level 5:colcon.colcon_core.verb:set package 'keyboard_controller' build argument 'catkin_cmake_args' from command line to 'None'
[0.410s] Level 5:colcon.colcon_core.verb:set package 'keyboard_controller' build argument 'catkin_skip_building_tests' from command line to 'False'
[0.410s] DEBUG:colcon.colcon_core.verb:Building package 'keyboard_controller' with the following arguments: {'ament_cmake_args': None, 'build_base': '/home/aiseon/navigation2_all/leg4_MPPI/build/keyboard_controller', 'catkin_cmake_args': None, 'catkin_skip_building_tests': False, 'cmake_args': ['-DCMAKE_BUILD_TYPE=Release'], 'cmake_clean_cache': False, 'cmake_clean_first': False, 'cmake_force_configure': False, 'cmake_target': None, 'cmake_target_skip_unavailable': False, 'install_base': '/home/aiseon/navigation2_all/leg4_MPPI/install/keyboard_controller', 'merge_install': False, 'path': '/home/aiseon/navigation2_all/leg4_MPPI/src/ddt_ros2_control/interaction/keyboard_controller', 'symlink_install': True, 'test_result_base': None}
[0.410s] Level 5:colcon.colcon_core.verb:set package 'rl_controller' build argument 'cmake_args' from command line to '['-DCMAKE_BUILD_TYPE=Release']'
[0.410s] Level 5:colcon.colcon_core.verb:set package 'rl_controller' build argument 'cmake_target' from command line to 'None'
[0.410s] Level 5:colcon.colcon_core.verb:set package 'rl_controller' build argument 'cmake_target_skip_unavailable' from command line to 'False'
[0.410s] Level 5:colcon.colcon_core.verb:set package 'rl_controller' build argument 'cmake_clean_cache' from command line to 'False'
[0.410s] Level 5:colcon.colcon_core.verb:set package 'rl_controller' build argument 'cmake_clean_first' from command line to 'False'
[0.410s] Level 5:colcon.colcon_core.verb:set package 'rl_controller' build argument 'cmake_force_configure' from command line to 'False'
[0.410s] Level 5:colcon.colcon_core.verb:set package 'rl_controller' build argument 'ament_cmake_args' from command line to 'None'
[0.411s] Level 5:colcon.colcon_core.verb:set package 'rl_controller' build argument 'catkin_cmake_args' from command line to 'None'
[0.411s] Level 5:colcon.colcon_core.verb:set package 'rl_controller' build argument 'catkin_skip_building_tests' from command line to 'False'
[0.411s] DEBUG:colcon.colcon_core.verb:Building package 'rl_controller' with the following arguments: {'ament_cmake_args': None, 'build_base': '/home/aiseon/navigation2_all/leg4_MPPI/build/rl_controller', 'catkin_cmake_args': None, 'catkin_skip_building_tests': False, 'cmake_args': ['-DCMAKE_BUILD_TYPE=Release'], 'cmake_clean_cache': False, 'cmake_clean_first': False, 'cmake_force_configure': False, 'cmake_target': None, 'cmake_target_skip_unavailable': False, 'install_base': '/home/aiseon/navigation2_all/leg4_MPPI/install/rl_controller', 'merge_install': False, 'path': '/home/aiseon/navigation2_all/leg4_MPPI/src/ddt_ros2_control/controller/rl_controller', 'symlink_install': True, 'test_result_base': None}
[0.411s] INFO:colcon.colcon_core.executor:Executing jobs using 'parallel' executor
[0.412s] DEBUG:colcon.colcon_parallel_executor.executor.parallel:run_until_complete
[0.413s] INFO:colcon.colcon_ros.task.ament_cmake.build:Building ROS package in '/home/aiseon/navigation2_all/leg4_MPPI/src/ddt_ros2_control/ros_utils' with build type 'ament_cmake'
[0.413s] INFO:colcon.colcon_cmake.task.cmake.build:Building CMake package in '/home/aiseon/navigation2_all/leg4_MPPI/src/ddt_ros2_control/ros_utils'
[0.416s] INFO:colcon.colcon_core.plugin_system:Skipping extension 'colcon_core.shell.bat': Not used on non-Windows systems
[0.416s] INFO:colcon.colcon_core.shell:Skip shell extension 'powershell' for command environment: Not usable outside of PowerShell
[0.416s] DEBUG:colcon.colcon_core.shell:Skip shell extension 'dsv' for command environment
[0.420s] INFO:colcon.colcon_ros.task.ament_cmake.build:Building ROS package in '/home/aiseon/navigation2_all/leg4_MPPI/src/ddt_ros2_control/urdfs/tita_description' with build type 'ament_cmake'
[0.420s] INFO:colcon.colcon_cmake.task.cmake.build:Building CMake package in '/home/aiseon/navigation2_all/leg4_MPPI/src/ddt_ros2_control/urdfs/tita_description'
[0.420s] INFO:colcon.colcon_core.shell:Skip shell extension 'powershell' for command environment: Not usable outside of PowerShell
[0.420s] DEBUG:colcon.colcon_core.shell:Skip shell extension 'dsv' for command environment
[0.424s] INFO:colcon.colcon_ros.task.ament_cmake.build:Building ROS package in '/home/aiseon/navigation2_all/leg4_MPPI/src/fishbot_navigation2' with build type 'ament_cmake'
[0.424s] INFO:colcon.colcon_cmake.task.cmake.build:Building CMake package in '/home/aiseon/navigation2_all/leg4_MPPI/src/fishbot_navigation2'
[0.424s] INFO:colcon.colcon_core.shell:Skip shell extension 'powershell' for command environment: Not usable outside of PowerShell
[0.424s] DEBUG:colcon.colcon_core.shell:Skip shell extension 'dsv' for command environment
[0.435s] DEBUG:colcon.colcon_core.event_handler.log_command:Invoking command in '/home/aiseon/navigation2_all/leg4_MPPI/build/ros_utils': CMAKE_PREFIX_PATH=/opt/ros/humble /usr/bin/cmake /home/aiseon/navigation2_all/leg4_MPPI/src/ddt_ros2_control/ros_utils -DCMAKE_BUILD_TYPE=Release -DAMENT_CMAKE_SYMLINK_INSTALL=1 -DCMAKE_INSTALL_PREFIX=/home/aiseon/navigation2_all/leg4_MPPI/install/ros_utils
[0.439s] DEBUG:colcon.colcon_core.event_handler.log_command:Invoking command in '/home/aiseon/navigation2_all/leg4_MPPI/build/tita_description': CMAKE_PREFIX_PATH=/opt/ros/humble /usr/bin/cmake /home/aiseon/navigation2_all/leg4_MPPI/src/ddt_ros2_control/urdfs/tita_description -DCMAKE_BUILD_TYPE=Release -DAMENT_CMAKE_SYMLINK_INSTALL=1 -DCMAKE_INSTALL_PREFIX=/home/aiseon/navigation2_all/leg4_MPPI/install/tita_description
[0.442s] DEBUG:colcon.colcon_core.event_handler.log_command:Invoking command in '/home/aiseon/navigation2_all/leg4_MPPI/build/fishbot_navigation2': CMAKE_PREFIX_PATH=/opt/ros/humble /usr/bin/cmake /home/aiseon/navigation2_all/leg4_MPPI/src/fishbot_navigation2 -DCMAKE_BUILD_TYPE=Release -DAMENT_CMAKE_SYMLINK_INSTALL=1 -DCMAKE_INSTALL_PREFIX=/home/aiseon/navigation2_all/leg4_MPPI/install/fishbot_navigation2
[1.310s] DEBUG:colcon.colcon_core.event_handler.log_command:Invoked command in '/home/aiseon/navigation2_all/leg4_MPPI/build/tita_description' returned '0': CMAKE_PREFIX_PATH=/opt/ros/humble /usr/bin/cmake /home/aiseon/navigation2_all/leg4_MPPI/src/ddt_ros2_control/urdfs/tita_description -DCMAKE_BUILD_TYPE=Release -DAMENT_CMAKE_SYMLINK_INSTALL=1 -DCMAKE_INSTALL_PREFIX=/home/aiseon/navigation2_all/leg4_MPPI/install/tita_description
[1.313s] DEBUG:colcon.colcon_core.event_handler.log_command:Invoking command in '/home/aiseon/navigation2_all/leg4_MPPI/build/tita_description': CMAKE_PREFIX_PATH=/opt/ros/humble /usr/bin/cmake --build /home/aiseon/navigation2_all/leg4_MPPI/build/tita_description -- -j192 -l192
[1.337s] DEBUG:colcon.colcon_core.event_handler.log_command:Invoked command in '/home/aiseon/navigation2_all/leg4_MPPI/build/fishbot_navigation2' returned '0': CMAKE_PREFIX_PATH=/opt/ros/humble /usr/bin/cmake /home/aiseon/navigation2_all/leg4_MPPI/src/fishbot_navigation2 -DCMAKE_BUILD_TYPE=Release -DAMENT_CMAKE_SYMLINK_INSTALL=1 -DCMAKE_INSTALL_PREFIX=/home/aiseon/navigation2_all/leg4_MPPI/install/fishbot_navigation2
[1.340s] DEBUG:colcon.colcon_core.event_handler.log_command:Invoking command in '/home/aiseon/navigation2_all/leg4_MPPI/build/fishbot_navigation2': CMAKE_PREFIX_PATH=/opt/ros/humble /usr/bin/cmake --build /home/aiseon/navigation2_all/leg4_MPPI/build/fishbot_navigation2 -- -j192 -l192
[1.382s] DEBUG:colcon.colcon_core.event_handler.log_command:Invoked command in '/home/aiseon/navigation2_all/leg4_MPPI/build/tita_description' returned '0': CMAKE_PREFIX_PATH=/opt/ros/humble /usr/bin/cmake --build /home/aiseon/navigation2_all/leg4_MPPI/build/tita_description -- -j192 -l192
[1.397s] DEBUG:colcon.colcon_core.event_handler.log_command:Invoking command in '/home/aiseon/navigation2_all/leg4_MPPI/build/tita_description': CMAKE_PREFIX_PATH=/opt/ros/humble /usr/bin/cmake --install /home/aiseon/navigation2_all/leg4_MPPI/build/tita_description
[1.401s] DEBUG:colcon.colcon_core.event_handler.log_command:Invoked command in '/home/aiseon/navigation2_all/leg4_MPPI/build/fishbot_navigation2' returned '0': CMAKE_PREFIX_PATH=/opt/ros/humble /usr/bin/cmake --build /home/aiseon/navigation2_all/leg4_MPPI/build/fishbot_navigation2 -- -j192 -l192
[1.403s] DEBUG:colcon.colcon_core.event_handler.log_command:Invoking command in '/home/aiseon/navigation2_all/leg4_MPPI/build/fishbot_navigation2': CMAKE_PREFIX_PATH=/opt/ros/humble /usr/bin/cmake --install /home/aiseon/navigation2_all/leg4_MPPI/build/fishbot_navigation2
[1.720s] Level 1:colcon.colcon_core.environment:create_environment_scripts_only(fishbot_navigation2)
[1.721s] DEBUG:colcon.colcon_core.event_handler.log_command:Invoked command in '/home/aiseon/navigation2_all/leg4_MPPI/build/fishbot_navigation2' returned '0': CMAKE_PREFIX_PATH=/opt/ros/humble /usr/bin/cmake --install /home/aiseon/navigation2_all/leg4_MPPI/build/fishbot_navigation2
[1.724s] Level 1:colcon.colcon_core.environment:checking '/home/aiseon/navigation2_all/leg4_MPPI/install/fishbot_navigation2' for CMake module files
[1.725s] Level 1:colcon.colcon_core.environment:checking '/home/aiseon/navigation2_all/leg4_MPPI/install/fishbot_navigation2' for CMake config files
[1.725s] Level 1:colcon.colcon_core.shell:create_environment_hook('fishbot_navigation2', 'cmake_prefix_path')
[1.726s] INFO:colcon.colcon_core.shell:Creating environment hook '/home/aiseon/navigation2_all/leg4_MPPI/install/fishbot_navigation2/share/fishbot_navigation2/hook/cmake_prefix_path.ps1'
[1.726s] INFO:colcon.colcon_core.shell:Creating environment descriptor '/home/aiseon/navigation2_all/leg4_MPPI/install/fishbot_navigation2/share/fishbot_navigation2/hook/cmake_prefix_path.dsv'
[1.727s] INFO:colcon.colcon_core.shell:Creating environment hook '/home/aiseon/navigation2_all/leg4_MPPI/install/fishbot_navigation2/share/fishbot_navigation2/hook/cmake_prefix_path.sh'
[1.728s] Level 1:colcon.colcon_core.environment:checking '/home/aiseon/navigation2_all/leg4_MPPI/install/fishbot_navigation2/bin'
[1.728s] Level 1:colcon.colcon_core.environment:checking '/home/aiseon/navigation2_all/leg4_MPPI/install/fishbot_navigation2/lib/pkgconfig/fishbot_navigation2.pc'
[1.729s] Level 1:colcon.colcon_core.environment:checking '/home/aiseon/navigation2_all/leg4_MPPI/install/fishbot_navigation2/lib/python3.10/site-packages'
[1.729s] Level 1:colcon.colcon_core.environment:checking '/home/aiseon/navigation2_all/leg4_MPPI/install/fishbot_navigation2/bin'
[1.729s] INFO:colcon.colcon_core.shell:Creating package script '/home/aiseon/navigation2_all/leg4_MPPI/install/fishbot_navigation2/share/fishbot_navigation2/package.ps1'
[1.731s] INFO:colcon.colcon_core.shell:Creating package descriptor '/home/aiseon/navigation2_all/leg4_MPPI/install/fishbot_navigation2/share/fishbot_navigation2/package.dsv'
[1.731s] INFO:colcon.colcon_core.shell:Creating package script '/home/aiseon/navigation2_all/leg4_MPPI/install/fishbot_navigation2/share/fishbot_navigation2/package.sh'
[1.732s] INFO:colcon.colcon_core.shell:Creating package script '/home/aiseon/navigation2_all/leg4_MPPI/install/fishbot_navigation2/share/fishbot_navigation2/package.bash'
[1.732s] INFO:colcon.colcon_core.shell:Creating package script '/home/aiseon/navigation2_all/leg4_MPPI/install/fishbot_navigation2/share/fishbot_navigation2/package.zsh'
[1.733s] Level 1:colcon.colcon_core.environment:create_file_with_runtime_dependencies(/home/aiseon/navigation2_all/leg4_MPPI/install/fishbot_navigation2/share/colcon-core/packages/fishbot_navigation2)
[1.734s] Level 1:colcon.colcon_core.environment:create_environment_scripts_only(fishbot_navigation2)
[1.734s] Level 1:colcon.colcon_core.environment:checking '/home/aiseon/navigation2_all/leg4_MPPI/install/fishbot_navigation2' for CMake module files
[1.734s] Level 1:colcon.colcon_core.environment:checking '/home/aiseon/navigation2_all/leg4_MPPI/install/fishbot_navigation2' for CMake config files
[1.735s] Level 1:colcon.colcon_core.shell:create_environment_hook('fishbot_navigation2', 'cmake_prefix_path')
[1.735s] INFO:colcon.colcon_core.shell:Creating environment hook '/home/aiseon/navigation2_all/leg4_MPPI/install/fishbot_navigation2/share/fishbot_navigation2/hook/cmake_prefix_path.ps1'
[1.735s] INFO:colcon.colcon_core.shell:Creating environment descriptor '/home/aiseon/navigation2_all/leg4_MPPI/install/fishbot_navigation2/share/fishbot_navigation2/hook/cmake_prefix_path.dsv'
[1.735s] INFO:colcon.colcon_core.shell:Creating environment hook '/home/aiseon/navigation2_all/leg4_MPPI/install/fishbot_navigation2/share/fishbot_navigation2/hook/cmake_prefix_path.sh'
[1.736s] Level 1:colcon.colcon_core.environment:checking '/home/aiseon/navigation2_all/leg4_MPPI/install/fishbot_navigation2/bin'
[1.736s] Level 1:colcon.colcon_core.environment:checking '/home/aiseon/navigation2_all/leg4_MPPI/install/fishbot_navigation2/lib/pkgconfig/fishbot_navigation2.pc'
[1.736s] Level 1:colcon.colcon_core.environment:checking '/home/aiseon/navigation2_all/leg4_MPPI/install/fishbot_navigation2/lib/python3.10/site-packages'
[1.737s] Level 1:colcon.colcon_core.environment:checking '/home/aiseon/navigation2_all/leg4_MPPI/install/fishbot_navigation2/bin'
[1.737s] INFO:colcon.colcon_core.shell:Creating package script '/home/aiseon/navigation2_all/leg4_MPPI/install/fishbot_navigation2/share/fishbot_navigation2/package.ps1'
[1.737s] INFO:colcon.colcon_core.shell:Creating package descriptor '/home/aiseon/navigation2_all/leg4_MPPI/install/fishbot_navigation2/share/fishbot_navigation2/package.dsv'
[1.738s] INFO:colcon.colcon_core.shell:Creating package script '/home/aiseon/navigation2_all/leg4_MPPI/install/fishbot_navigation2/share/fishbot_navigation2/package.sh'
[1.738s] INFO:colcon.colcon_core.shell:Creating package script '/home/aiseon/navigation2_all/leg4_MPPI/install/fishbot_navigation2/share/fishbot_navigation2/package.bash'
[1.738s] INFO:colcon.colcon_core.shell:Creating package script '/home/aiseon/navigation2_all/leg4_MPPI/install/fishbot_navigation2/share/fishbot_navigation2/package.zsh'
[1.739s] Level 1:colcon.colcon_core.environment:create_file_with_runtime_dependencies(/home/aiseon/navigation2_all/leg4_MPPI/install/fishbot_navigation2/share/colcon-core/packages/fishbot_navigation2)
[1.833s] Level 1:colcon.colcon_core.environment:create_environment_scripts_only(tita_description)
[1.834s] DEBUG:colcon.colcon_core.event_handler.log_command:Invoked command in '/home/aiseon/navigation2_all/leg4_MPPI/build/tita_description' returned '0': CMAKE_PREFIX_PATH=/opt/ros/humble /usr/bin/cmake --install /home/aiseon/navigation2_all/leg4_MPPI/build/tita_description
[1.834s] Level 1:colcon.colcon_core.environment:checking '/home/aiseon/navigation2_all/leg4_MPPI/install/tita_description' for CMake module files
[1.835s] Level 1:colcon.colcon_core.environment:checking '/home/aiseon/navigation2_all/leg4_MPPI/install/tita_description' for CMake config files
[1.836s] Level 1:colcon.colcon_core.shell:create_environment_hook('tita_description', 'cmake_prefix_path')
[1.836s] INFO:colcon.colcon_core.shell:Creating environment hook '/home/aiseon/navigation2_all/leg4_MPPI/install/tita_description/share/tita_description/hook/cmake_prefix_path.ps1'
[1.837s] INFO:colcon.colcon_core.shell:Creating environment descriptor '/home/aiseon/navigation2_all/leg4_MPPI/install/tita_description/share/tita_description/hook/cmake_prefix_path.dsv'
[1.837s] INFO:colcon.colcon_core.shell:Creating environment hook '/home/aiseon/navigation2_all/leg4_MPPI/install/tita_description/share/tita_description/hook/cmake_prefix_path.sh'
[1.837s] Level 1:colcon.colcon_core.environment:checking '/home/aiseon/navigation2_all/leg4_MPPI/install/tita_description/bin'
[1.837s] Level 1:colcon.colcon_core.environment:checking '/home/aiseon/navigation2_all/leg4_MPPI/install/tita_description/lib/pkgconfig/tita_description.pc'
[1.838s] Level 1:colcon.colcon_core.environment:checking '/home/aiseon/navigation2_all/leg4_MPPI/install/tita_description/lib/python3.10/site-packages'
[1.838s] Level 1:colcon.colcon_core.environment:checking '/home/aiseon/navigation2_all/leg4_MPPI/install/tita_description/bin'
[1.838s] INFO:colcon.colcon_core.shell:Creating package script '/home/aiseon/navigation2_all/leg4_MPPI/install/tita_description/share/tita_description/package.ps1'
[1.839s] INFO:colcon.colcon_core.shell:Creating package descriptor '/home/aiseon/navigation2_all/leg4_MPPI/install/tita_description/share/tita_description/package.dsv'
[1.839s] INFO:colcon.colcon_core.shell:Creating package script '/home/aiseon/navigation2_all/leg4_MPPI/install/tita_description/share/tita_description/package.sh'
[1.840s] INFO:colcon.colcon_core.shell:Creating package script '/home/aiseon/navigation2_all/leg4_MPPI/install/tita_description/share/tita_description/package.bash'
[1.841s] INFO:colcon.colcon_core.shell:Creating package script '/home/aiseon/navigation2_all/leg4_MPPI/install/tita_description/share/tita_description/package.zsh'
[1.841s] Level 1:colcon.colcon_core.environment:create_file_with_runtime_dependencies(/home/aiseon/navigation2_all/leg4_MPPI/install/tita_description/share/colcon-core/packages/tita_description)
[1.842s] Level 1:colcon.colcon_core.environment:create_environment_scripts_only(tita_description)
[1.842s] Level 1:colcon.colcon_core.environment:checking '/home/aiseon/navigation2_all/leg4_MPPI/install/tita_description' for CMake module files
[1.842s] Level 1:colcon.colcon_core.environment:checking '/home/aiseon/navigation2_all/leg4_MPPI/install/tita_description' for CMake config files
[1.843s] Level 1:colcon.colcon_core.shell:create_environment_hook('tita_description', 'cmake_prefix_path')
[1.843s] INFO:colcon.colcon_core.shell:Creating environment hook '/home/aiseon/navigation2_all/leg4_MPPI/install/tita_description/share/tita_description/hook/cmake_prefix_path.ps1'
[1.843s] INFO:colcon.colcon_core.shell:Creating environment descriptor '/home/aiseon/navigation2_all/leg4_MPPI/install/tita_description/share/tita_description/hook/cmake_prefix_path.dsv'
[1.844s] INFO:colcon.colcon_core.shell:Creating environment hook '/home/aiseon/navigation2_all/leg4_MPPI/install/tita_description/share/tita_description/hook/cmake_prefix_path.sh'
[1.844s] Level 1:colcon.colcon_core.environment:checking '/home/aiseon/navigation2_all/leg4_MPPI/install/tita_description/bin'
[1.844s] Level 1:colcon.colcon_core.environment:checking '/home/aiseon/navigation2_all/leg4_MPPI/install/tita_description/lib/pkgconfig/tita_description.pc'
[1.844s] Level 1:colcon.colcon_core.environment:checking '/home/aiseon/navigation2_all/leg4_MPPI/install/tita_description/lib/python3.10/site-packages'
[1.845s] Level 1:colcon.colcon_core.environment:checking '/home/aiseon/navigation2_all/leg4_MPPI/install/tita_description/bin'
[1.845s] INFO:colcon.colcon_core.shell:Creating package script '/home/aiseon/navigation2_all/leg4_MPPI/install/tita_description/share/tita_description/package.ps1'
[1.845s] INFO:colcon.colcon_core.shell:Creating package descriptor '/home/aiseon/navigation2_all/leg4_MPPI/install/tita_description/share/tita_description/package.dsv'
[1.846s] INFO:colcon.colcon_core.shell:Creating package script '/home/aiseon/navigation2_all/leg4_MPPI/install/tita_description/share/tita_description/package.sh'
[1.846s] INFO:colcon.colcon_core.shell:Creating package script '/home/aiseon/navigation2_all/leg4_MPPI/install/tita_description/share/tita_description/package.bash'
[1.846s] INFO:colcon.colcon_core.shell:Creating package script '/home/aiseon/navigation2_all/leg4_MPPI/install/tita_description/share/tita_description/package.zsh'
[1.847s] Level 1:colcon.colcon_core.environment:create_file_with_runtime_dependencies(/home/aiseon/navigation2_all/leg4_MPPI/install/tita_description/share/colcon-core/packages/tita_description)
[1.847s] INFO:colcon.colcon_ros.task.ament_cmake.build:Building ROS package in '/home/aiseon/navigation2_all/leg4_MPPI/src/ddt_ros2_control/simulation/gazebo_bridge' with build type 'ament_cmake'
[1.847s] INFO:colcon.colcon_cmake.task.cmake.build:Building CMake package in '/home/aiseon/navigation2_all/leg4_MPPI/src/ddt_ros2_control/simulation/gazebo_bridge'
[1.848s] INFO:colcon.colcon_core.shell:Skip shell extension 'powershell' for command environment: Not usable outside of PowerShell
[1.848s] DEBUG:colcon.colcon_core.shell:Skip shell extension 'dsv' for command environment
[1.868s] DEBUG:colcon.colcon_core.event_handler.log_command:Invoking command in '/home/aiseon/navigation2_all/leg4_MPPI/build/gazebo_bridge': AMENT_PREFIX_PATH=/home/aiseon/navigation2_all/leg4_MPPI/install/tita_description:${AMENT_PREFIX_PATH} CMAKE_PREFIX_PATH=/home/aiseon/navigation2_all/leg4_MPPI/install/tita_description:/opt/ros/humble /usr/bin/cmake /home/aiseon/navigation2_all/leg4_MPPI/src/ddt_ros2_control/simulation/gazebo_bridge -DCMAKE_BUILD_TYPE=Release -DAMENT_CMAKE_SYMLINK_INSTALL=1 -DCMAKE_INSTALL_PREFIX=/home/aiseon/navigation2_all/leg4_MPPI/install/gazebo_bridge
[2.071s] DEBUG:colcon.colcon_core.event_handler.log_command:Invoked command in '/home/aiseon/navigation2_all/leg4_MPPI/build/ros_utils' returned '0': CMAKE_PREFIX_PATH=/opt/ros/humble /usr/bin/cmake /home/aiseon/navigation2_all/leg4_MPPI/src/ddt_ros2_control/ros_utils -DCMAKE_BUILD_TYPE=Release -DAMENT_CMAKE_SYMLINK_INSTALL=1 -DCMAKE_INSTALL_PREFIX=/home/aiseon/navigation2_all/leg4_MPPI/install/ros_utils
[2.075s] DEBUG:colcon.colcon_core.event_handler.log_command:Invoking command in '/home/aiseon/navigation2_all/leg4_MPPI/build/ros_utils': CMAKE_PREFIX_PATH=/opt/ros/humble /usr/bin/cmake --build /home/aiseon/navigation2_all/leg4_MPPI/build/ros_utils -- -j192 -l192
[2.143s] DEBUG:colcon.colcon_core.event_handler.log_command:Invoked command in '/home/aiseon/navigation2_all/leg4_MPPI/build/ros_utils' returned '0': CMAKE_PREFIX_PATH=/opt/ros/humble /usr/bin/cmake --build /home/aiseon/navigation2_all/leg4_MPPI/build/ros_utils -- -j192 -l192
[2.145s] DEBUG:colcon.colcon_core.event_handler.log_command:Invoking command in '/home/aiseon/navigation2_all/leg4_MPPI/build/ros_utils': CMAKE_PREFIX_PATH=/opt/ros/humble /usr/bin/cmake --install /home/aiseon/navigation2_all/leg4_MPPI/build/ros_utils
[2.411s] Level 1:colcon.colcon_core.environment:create_environment_scripts_only(ros_utils)
[2.412s] DEBUG:colcon.colcon_core.event_handler.log_command:Invoked command in '/home/aiseon/navigation2_all/leg4_MPPI/build/ros_utils' returned '0': CMAKE_PREFIX_PATH=/opt/ros/humble /usr/bin/cmake --install /home/aiseon/navigation2_all/leg4_MPPI/build/ros_utils
[2.413s] Level 1:colcon.colcon_core.environment:checking '/home/aiseon/navigation2_all/leg4_MPPI/install/ros_utils' for CMake module files
[2.414s] Level 1:colcon.colcon_core.environment:checking '/home/aiseon/navigation2_all/leg4_MPPI/install/ros_utils' for CMake config files
[2.415s] Level 1:colcon.colcon_core.shell:create_environment_hook('ros_utils', 'cmake_prefix_path')
[2.415s] INFO:colcon.colcon_core.shell:Creating environment hook '/home/aiseon/navigation2_all/leg4_MPPI/install/ros_utils/share/ros_utils/hook/cmake_prefix_path.ps1'
[2.416s] INFO:colcon.colcon_core.shell:Creating environment descriptor '/home/aiseon/navigation2_all/leg4_MPPI/install/ros_utils/share/ros_utils/hook/cmake_prefix_path.dsv'
[2.416s] INFO:colcon.colcon_core.shell:Creating environment hook '/home/aiseon/navigation2_all/leg4_MPPI/install/ros_utils/share/ros_utils/hook/cmake_prefix_path.sh'
[2.416s] Level 1:colcon.colcon_core.environment:checking '/home/aiseon/navigation2_all/leg4_MPPI/install/ros_utils/bin'
[2.416s] Level 1:colcon.colcon_core.environment:checking '/home/aiseon/navigation2_all/leg4_MPPI/install/ros_utils/lib/pkgconfig/ros_utils.pc'
[2.417s] Level 1:colcon.colcon_core.environment:checking '/home/aiseon/navigation2_all/leg4_MPPI/install/ros_utils/lib/python3.10/site-packages'
[2.417s] Level 1:colcon.colcon_core.environment:checking '/home/aiseon/navigation2_all/leg4_MPPI/install/ros_utils/bin'
[2.417s] INFO:colcon.colcon_core.shell:Creating package script '/home/aiseon/navigation2_all/leg4_MPPI/install/ros_utils/share/ros_utils/package.ps1'
[2.418s] INFO:colcon.colcon_core.shell:Creating package descriptor '/home/aiseon/navigation2_all/leg4_MPPI/install/ros_utils/share/ros_utils/package.dsv'
[2.418s] INFO:colcon.colcon_core.shell:Creating package script '/home/aiseon/navigation2_all/leg4_MPPI/install/ros_utils/share/ros_utils/package.sh'
[2.418s] INFO:colcon.colcon_core.shell:Creating package script '/home/aiseon/navigation2_all/leg4_MPPI/install/ros_utils/share/ros_utils/package.bash'
[2.419s] INFO:colcon.colcon_core.shell:Creating package script '/home/aiseon/navigation2_all/leg4_MPPI/install/ros_utils/share/ros_utils/package.zsh'
[2.419s] Level 1:colcon.colcon_core.environment:create_file_with_runtime_dependencies(/home/aiseon/navigation2_all/leg4_MPPI/install/ros_utils/share/colcon-core/packages/ros_utils)
[2.419s] Level 1:colcon.colcon_core.environment:create_environment_scripts_only(ros_utils)
[2.419s] Level 1:colcon.colcon_core.environment:checking '/home/aiseon/navigation2_all/leg4_MPPI/install/ros_utils' for CMake module files
[2.420s] Level 1:colcon.colcon_core.environment:checking '/home/aiseon/navigation2_all/leg4_MPPI/install/ros_utils' for CMake config files
[2.420s] Level 1:colcon.colcon_core.shell:create_environment_hook('ros_utils', 'cmake_prefix_path')
[2.420s] INFO:colcon.colcon_core.shell:Creating environment hook '/home/aiseon/navigation2_all/leg4_MPPI/install/ros_utils/share/ros_utils/hook/cmake_prefix_path.ps1'
[2.421s] INFO:colcon.colcon_core.shell:Creating environment descriptor '/home/aiseon/navigation2_all/leg4_MPPI/install/ros_utils/share/ros_utils/hook/cmake_prefix_path.dsv'
[2.421s] INFO:colcon.colcon_core.shell:Creating environment hook '/home/aiseon/navigation2_all/leg4_MPPI/install/ros_utils/share/ros_utils/hook/cmake_prefix_path.sh'
[2.421s] Level 1:colcon.colcon_core.environment:checking '/home/aiseon/navigation2_all/leg4_MPPI/install/ros_utils/bin'
[2.421s] Level 1:colcon.colcon_core.environment:checking '/home/aiseon/navigation2_all/leg4_MPPI/install/ros_utils/lib/pkgconfig/ros_utils.pc'
[2.422s] Level 1:colcon.colcon_core.environment:checking '/home/aiseon/navigation2_all/leg4_MPPI/install/ros_utils/lib/python3.10/site-packages'
[2.422s] Level 1:colcon.colcon_core.environment:checking '/home/aiseon/navigation2_all/leg4_MPPI/install/ros_utils/bin'
[2.422s] INFO:colcon.colcon_core.shell:Creating package script '/home/aiseon/navigation2_all/leg4_MPPI/install/ros_utils/share/ros_utils/package.ps1'
[2.423s] INFO:colcon.colcon_core.shell:Creating package descriptor '/home/aiseon/navigation2_all/leg4_MPPI/install/ros_utils/share/ros_utils/package.dsv'
[2.423s] INFO:colcon.colcon_core.shell:Creating package script '/home/aiseon/navigation2_all/leg4_MPPI/install/ros_utils/share/ros_utils/package.sh'
[2.423s] INFO:colcon.colcon_core.shell:Creating package script '/home/aiseon/navigation2_all/leg4_MPPI/install/ros_utils/share/ros_utils/package.bash'
[2.424s] INFO:colcon.colcon_core.shell:Creating package script '/home/aiseon/navigation2_all/leg4_MPPI/install/ros_utils/share/ros_utils/package.zsh'
[2.424s] Level 1:colcon.colcon_core.environment:create_file_with_runtime_dependencies(/home/aiseon/navigation2_all/leg4_MPPI/install/ros_utils/share/colcon-core/packages/ros_utils)
[2.425s] INFO:colcon.colcon_ros.task.ament_cmake.build:Building ROS package in '/home/aiseon/navigation2_all/leg4_MPPI/src/ddt_ros2_control/interaction/keyboard_controller' with build type 'ament_cmake'
[2.425s] INFO:colcon.colcon_cmake.task.cmake.build:Building CMake package in '/home/aiseon/navigation2_all/leg4_MPPI/src/ddt_ros2_control/interaction/keyboard_controller'
[2.425s] INFO:colcon.colcon_core.shell:Skip shell extension 'powershell' for command environment: Not usable outside of PowerShell
[2.425s] DEBUG:colcon.colcon_core.shell:Skip shell extension 'dsv' for command environment
[2.432s] INFO:colcon.colcon_ros.task.ament_cmake.build:Building ROS package in '/home/aiseon/navigation2_all/leg4_MPPI/src/ddt_ros2_control/controller/rl_controller' with build type 'ament_cmake'
[2.432s] INFO:colcon.colcon_cmake.task.cmake.build:Building CMake package in '/home/aiseon/navigation2_all/leg4_MPPI/src/ddt_ros2_control/controller/rl_controller'
[2.433s] INFO:colcon.colcon_core.shell:Skip shell extension 'powershell' for command environment: Not usable outside of PowerShell
[2.433s] DEBUG:colcon.colcon_core.shell:Skip shell extension 'dsv' for command environment
[2.449s] DEBUG:colcon.colcon_core.event_handler.log_command:Invoking command in '/home/aiseon/navigation2_all/leg4_MPPI/build/keyboard_controller': AMENT_PREFIX_PATH=/home/aiseon/navigation2_all/leg4_MPPI/install/ros_utils:${AMENT_PREFIX_PATH} CMAKE_PREFIX_PATH=/home/aiseon/navigation2_all/leg4_MPPI/install/ros_utils:/opt/ros/humble /usr/bin/cmake /home/aiseon/navigation2_all/leg4_MPPI/src/ddt_ros2_control/interaction/keyboard_controller -DCMAKE_BUILD_TYPE=Release -DAMENT_CMAKE_SYMLINK_INSTALL=1 -DCMAKE_INSTALL_PREFIX=/home/aiseon/navigation2_all/leg4_MPPI/install/keyboard_controller
[2.454s] DEBUG:colcon.colcon_core.event_handler.log_command:Invoking command in '/home/aiseon/navigation2_all/leg4_MPPI/build/rl_controller': AMENT_PREFIX_PATH=/home/aiseon/navigation2_all/leg4_MPPI/install/ros_utils:${AMENT_PREFIX_PATH} CMAKE_PREFIX_PATH=/home/aiseon/navigation2_all/leg4_MPPI/install/ros_utils:/opt/ros/humble /usr/bin/cmake /home/aiseon/navigation2_all/leg4_MPPI/src/ddt_ros2_control/controller/rl_controller -DCMAKE_BUILD_TYPE=Release -DAMENT_CMAKE_SYMLINK_INSTALL=1 -DCMAKE_INSTALL_PREFIX=/home/aiseon/navigation2_all/leg4_MPPI/install/rl_controller
[4.170s] DEBUG:colcon.colcon_core.event_handler.log_command:Invoked command in '/home/aiseon/navigation2_all/leg4_MPPI/build/keyboard_controller' returned '0': AMENT_PREFIX_PATH=/home/aiseon/navigation2_all/leg4_MPPI/install/ros_utils:${AMENT_PREFIX_PATH} CMAKE_PREFIX_PATH=/home/aiseon/navigation2_all/leg4_MPPI/install/ros_utils:/opt/ros/humble /usr/bin/cmake /home/aiseon/navigation2_all/leg4_MPPI/src/ddt_ros2_control/interaction/keyboard_controller -DCMAKE_BUILD_TYPE=Release -DAMENT_CMAKE_SYMLINK_INSTALL=1 -DCMAKE_INSTALL_PREFIX=/home/aiseon/navigation2_all/leg4_MPPI/install/keyboard_controller
[4.173s] DEBUG:colcon.colcon_core.event_handler.log_command:Invoking command in '/home/aiseon/navigation2_all/leg4_MPPI/build/keyboard_controller': AMENT_PREFIX_PATH=/home/aiseon/navigation2_all/leg4_MPPI/install/ros_utils:${AMENT_PREFIX_PATH} CMAKE_PREFIX_PATH=/home/aiseon/navigation2_all/leg4_MPPI/install/ros_utils:/opt/ros/humble /usr/bin/cmake --build /home/aiseon/navigation2_all/leg4_MPPI/build/keyboard_controller -- -j192 -l192
[4.399s] DEBUG:colcon.colcon_core.event_handler.log_command:Invoked command in '/home/aiseon/navigation2_all/leg4_MPPI/build/rl_controller' returned '0': AMENT_PREFIX_PATH=/home/aiseon/navigation2_all/leg4_MPPI/install/ros_utils:${AMENT_PREFIX_PATH} CMAKE_PREFIX_PATH=/home/aiseon/navigation2_all/leg4_MPPI/install/ros_utils:/opt/ros/humble /usr/bin/cmake /home/aiseon/navigation2_all/leg4_MPPI/src/ddt_ros2_control/controller/rl_controller -DCMAKE_BUILD_TYPE=Release -DAMENT_CMAKE_SYMLINK_INSTALL=1 -DCMAKE_INSTALL_PREFIX=/home/aiseon/navigation2_all/leg4_MPPI/install/rl_controller
[4.403s] DEBUG:colcon.colcon_core.event_handler.log_command:Invoking command in '/home/aiseon/navigation2_all/leg4_MPPI/build/rl_controller': AMENT_PREFIX_PATH=/home/aiseon/navigation2_all/leg4_MPPI/install/ros_utils:${AMENT_PREFIX_PATH} CMAKE_PREFIX_PATH=/home/aiseon/navigation2_all/leg4_MPPI/install/ros_utils:/opt/ros/humble /usr/bin/cmake --build /home/aiseon/navigation2_all/leg4_MPPI/build/rl_controller -- -j192 -l192
[5.713s] DEBUG:colcon.colcon_core.event_handler.log_command:Invoked command in '/home/aiseon/navigation2_all/leg4_MPPI/build/gazebo_bridge' returned '0': AMENT_PREFIX_PATH=/home/aiseon/navigation2_all/leg4_MPPI/install/tita_description:${AMENT_PREFIX_PATH} CMAKE_PREFIX_PATH=/home/aiseon/navigation2_all/leg4_MPPI/install/tita_description:/opt/ros/humble /usr/bin/cmake /home/aiseon/navigation2_all/leg4_MPPI/src/ddt_ros2_control/simulation/gazebo_bridge -DCMAKE_BUILD_TYPE=Release -DAMENT_CMAKE_SYMLINK_INSTALL=1 -DCMAKE_INSTALL_PREFIX=/home/aiseon/navigation2_all/leg4_MPPI/install/gazebo_bridge
[5.717s] DEBUG:colcon.colcon_core.event_handler.log_command:Invoking command in '/home/aiseon/navigation2_all/leg4_MPPI/build/gazebo_bridge': AMENT_PREFIX_PATH=/home/aiseon/navigation2_all/leg4_MPPI/install/tita_description:${AMENT_PREFIX_PATH} CMAKE_PREFIX_PATH=/home/aiseon/navigation2_all/leg4_MPPI/install/tita_description:/opt/ros/humble /usr/bin/cmake --build /home/aiseon/navigation2_all/leg4_MPPI/build/gazebo_bridge -- -j192 -l192
[10.965s] DEBUG:colcon.colcon_core.event_handler.log_command:Invoked command in '/home/aiseon/navigation2_all/leg4_MPPI/build/keyboard_controller' returned '0': AMENT_PREFIX_PATH=/home/aiseon/navigation2_all/leg4_MPPI/install/ros_utils:${AMENT_PREFIX_PATH} CMAKE_PREFIX_PATH=/home/aiseon/navigation2_all/leg4_MPPI/install/ros_utils:/opt/ros/humble /usr/bin/cmake --build /home/aiseon/navigation2_all/leg4_MPPI/build/keyboard_controller -- -j192 -l192
[10.967s] DEBUG:colcon.colcon_core.event_handler.log_command:Invoking command in '/home/aiseon/navigation2_all/leg4_MPPI/build/keyboard_controller': AMENT_PREFIX_PATH=/home/aiseon/navigation2_all/leg4_MPPI/install/ros_utils:${AMENT_PREFIX_PATH} CMAKE_PREFIX_PATH=/home/aiseon/navigation2_all/leg4_MPPI/install/ros_utils:/opt/ros/humble /usr/bin/cmake --install /home/aiseon/navigation2_all/leg4_MPPI/build/keyboard_controller
[11.195s] Level 1:colcon.colcon_core.environment:create_environment_scripts_only(keyboard_controller)
[11.196s] DEBUG:colcon.colcon_core.event_handler.log_command:Invoked command in '/home/aiseon/navigation2_all/leg4_MPPI/build/keyboard_controller' returned '0': AMENT_PREFIX_PATH=/home/aiseon/navigation2_all/leg4_MPPI/install/ros_utils:${AMENT_PREFIX_PATH} CMAKE_PREFIX_PATH=/home/aiseon/navigation2_all/leg4_MPPI/install/ros_utils:/opt/ros/humble /usr/bin/cmake --install /home/aiseon/navigation2_all/leg4_MPPI/build/keyboard_controller
[11.197s] Level 1:colcon.colcon_core.environment:checking '/home/aiseon/navigation2_all/leg4_MPPI/install/keyboard_controller' for CMake module files
[11.199s] Level 1:colcon.colcon_core.environment:checking '/home/aiseon/navigation2_all/leg4_MPPI/install/keyboard_controller' for CMake config files
[11.199s] Level 1:colcon.colcon_core.shell:create_environment_hook('keyboard_controller', 'cmake_prefix_path')
[11.200s] INFO:colcon.colcon_core.shell:Creating environment hook '/home/aiseon/navigation2_all/leg4_MPPI/install/keyboard_controller/share/keyboard_controller/hook/cmake_prefix_path.ps1'
[11.200s] INFO:colcon.colcon_core.shell:Creating environment descriptor '/home/aiseon/navigation2_all/leg4_MPPI/install/keyboard_controller/share/keyboard_controller/hook/cmake_prefix_path.dsv'
[11.200s] INFO:colcon.colcon_core.shell:Creating environment hook '/home/aiseon/navigation2_all/leg4_MPPI/install/keyboard_controller/share/keyboard_controller/hook/cmake_prefix_path.sh'
[11.201s] Level 1:colcon.colcon_core.environment:checking '/home/aiseon/navigation2_all/leg4_MPPI/install/keyboard_controller/lib'
[11.201s] Level 1:colcon.colcon_core.environment:checking '/home/aiseon/navigation2_all/leg4_MPPI/install/keyboard_controller/bin'
[11.201s] Level 1:colcon.colcon_core.environment:checking '/home/aiseon/navigation2_all/leg4_MPPI/install/keyboard_controller/lib/pkgconfig/keyboard_controller.pc'
[11.201s] Level 1:colcon.colcon_core.environment:checking '/home/aiseon/navigation2_all/leg4_MPPI/install/keyboard_controller/lib/python3.10/site-packages'
[11.202s] Level 1:colcon.colcon_core.environment:checking '/home/aiseon/navigation2_all/leg4_MPPI/install/keyboard_controller/bin'
[11.202s] INFO:colcon.colcon_core.shell:Creating package script '/home/aiseon/navigation2_all/leg4_MPPI/install/keyboard_controller/share/keyboard_controller/package.ps1'
[11.202s] INFO:colcon.colcon_core.shell:Creating package descriptor '/home/aiseon/navigation2_all/leg4_MPPI/install/keyboard_controller/share/keyboard_controller/package.dsv'
[11.202s] INFO:colcon.colcon_core.shell:Creating package script '/home/aiseon/navigation2_all/leg4_MPPI/install/keyboard_controller/share/keyboard_controller/package.sh'
[11.203s] INFO:colcon.colcon_core.shell:Creating package script '/home/aiseon/navigation2_all/leg4_MPPI/install/keyboard_controller/share/keyboard_controller/package.bash'
[11.203s] INFO:colcon.colcon_core.shell:Creating package script '/home/aiseon/navigation2_all/leg4_MPPI/install/keyboard_controller/share/keyboard_controller/package.zsh'
[11.203s] Level 1:colcon.colcon_core.environment:create_file_with_runtime_dependencies(/home/aiseon/navigation2_all/leg4_MPPI/install/keyboard_controller/share/colcon-core/packages/keyboard_controller)
[11.204s] Level 1:colcon.colcon_core.environment:create_environment_scripts_only(keyboard_controller)
[11.204s] Level 1:colcon.colcon_core.environment:checking '/home/aiseon/navigation2_all/leg4_MPPI/install/keyboard_controller' for CMake module files
[11.204s] Level 1:colcon.colcon_core.environment:checking '/home/aiseon/navigation2_all/leg4_MPPI/install/keyboard_controller' for CMake config files
[11.204s] Level 1:colcon.colcon_core.shell:create_environment_hook('keyboard_controller', 'cmake_prefix_path')
[11.205s] INFO:colcon.colcon_core.shell:Creating environment hook '/home/aiseon/navigation2_all/leg4_MPPI/install/keyboard_controller/share/keyboard_controller/hook/cmake_prefix_path.ps1'
[11.205s] INFO:colcon.colcon_core.shell:Creating environment descriptor '/home/aiseon/navigation2_all/leg4_MPPI/install/keyboard_controller/share/keyboard_controller/hook/cmake_prefix_path.dsv'
[11.205s] INFO:colcon.colcon_core.shell:Creating environment hook '/home/aiseon/navigation2_all/leg4_MPPI/install/keyboard_controller/share/keyboard_controller/hook/cmake_prefix_path.sh'
[11.206s] Level 1:colcon.colcon_core.environment:checking '/home/aiseon/navigation2_all/leg4_MPPI/install/keyboard_controller/lib'
[11.206s] Level 1:colcon.colcon_core.environment:checking '/home/aiseon/navigation2_all/leg4_MPPI/install/keyboard_controller/bin'
[11.206s] Level 1:colcon.colcon_core.environment:checking '/home/aiseon/navigation2_all/leg4_MPPI/install/keyboard_controller/lib/pkgconfig/keyboard_controller.pc'
[11.206s] Level 1:colcon.colcon_core.environment:checking '/home/aiseon/navigation2_all/leg4_MPPI/install/keyboard_controller/lib/python3.10/site-packages'
[11.206s] Level 1:colcon.colcon_core.environment:checking '/home/aiseon/navigation2_all/leg4_MPPI/install/keyboard_controller/bin'
[11.206s] INFO:colcon.colcon_core.shell:Creating package script '/home/aiseon/navigation2_all/leg4_MPPI/install/keyboard_controller/share/keyboard_controller/package.ps1'
[11.207s] INFO:colcon.colcon_core.shell:Creating package descriptor '/home/aiseon/navigation2_all/leg4_MPPI/install/keyboard_controller/share/keyboard_controller/package.dsv'
[11.207s] INFO:colcon.colcon_core.shell:Creating package script '/home/aiseon/navigation2_all/leg4_MPPI/install/keyboard_controller/share/keyboard_controller/package.sh'
[11.207s] INFO:colcon.colcon_core.shell:Creating package script '/home/aiseon/navigation2_all/leg4_MPPI/install/keyboard_controller/share/keyboard_controller/package.bash'
[11.208s] INFO:colcon.colcon_core.shell:Creating package script '/home/aiseon/navigation2_all/leg4_MPPI/install/keyboard_controller/share/keyboard_controller/package.zsh'
[11.208s] Level 1:colcon.colcon_core.environment:create_file_with_runtime_dependencies(/home/aiseon/navigation2_all/leg4_MPPI/install/keyboard_controller/share/colcon-core/packages/keyboard_controller)
[18.425s] DEBUG:colcon.colcon_core.event_handler.log_command:Invoked command in '/home/aiseon/navigation2_all/leg4_MPPI/build/gazebo_bridge' returned '0': AMENT_PREFIX_PATH=/home/aiseon/navigation2_all/leg4_MPPI/install/tita_description:${AMENT_PREFIX_PATH} CMAKE_PREFIX_PATH=/home/aiseon/navigation2_all/leg4_MPPI/install/tita_description:/opt/ros/humble /usr/bin/cmake --build /home/aiseon/navigation2_all/leg4_MPPI/build/gazebo_bridge -- -j192 -l192
[18.429s] DEBUG:colcon.colcon_core.event_handler.log_command:Invoking command in '/home/aiseon/navigation2_all/leg4_MPPI/build/gazebo_bridge': AMENT_PREFIX_PATH=/home/aiseon/navigation2_all/leg4_MPPI/install/tita_description:${AMENT_PREFIX_PATH} CMAKE_PREFIX_PATH=/home/aiseon/navigation2_all/leg4_MPPI/install/tita_description:/opt/ros/humble /usr/bin/cmake --install /home/aiseon/navigation2_all/leg4_MPPI/build/gazebo_bridge
[18.716s] Level 1:colcon.colcon_core.environment:create_environment_scripts_only(gazebo_bridge)
[18.717s] Level 1:colcon.colcon_core.environment:checking '/home/aiseon/navigation2_all/leg4_MPPI/install/gazebo_bridge' for CMake module files
[18.718s] DEBUG:colcon.colcon_core.event_handler.log_command:Invoked command in '/home/aiseon/navigation2_all/leg4_MPPI/build/gazebo_bridge' returned '0': AMENT_PREFIX_PATH=/home/aiseon/navigation2_all/leg4_MPPI/install/tita_description:${AMENT_PREFIX_PATH} CMAKE_PREFIX_PATH=/home/aiseon/navigation2_all/leg4_MPPI/install/tita_description:/opt/ros/humble /usr/bin/cmake --install /home/aiseon/navigation2_all/leg4_MPPI/build/gazebo_bridge
[18.718s] Level 1:colcon.colcon_core.environment:checking '/home/aiseon/navigation2_all/leg4_MPPI/install/gazebo_bridge' for CMake config files
[18.719s] Level 1:colcon.colcon_core.shell:create_environment_hook('gazebo_bridge', 'cmake_prefix_path')
[18.719s] INFO:colcon.colcon_core.shell:Creating environment hook '/home/aiseon/navigation2_all/leg4_MPPI/install/gazebo_bridge/share/gazebo_bridge/hook/cmake_prefix_path.ps1'
[18.719s] INFO:colcon.colcon_core.shell:Creating environment descriptor '/home/aiseon/navigation2_all/leg4_MPPI/install/gazebo_bridge/share/gazebo_bridge/hook/cmake_prefix_path.dsv'
[18.720s] INFO:colcon.colcon_core.shell:Creating environment hook '/home/aiseon/navigation2_all/leg4_MPPI/install/gazebo_bridge/share/gazebo_bridge/hook/cmake_prefix_path.sh'
[18.720s] Level 1:colcon.colcon_core.environment:checking '/home/aiseon/navigation2_all/leg4_MPPI/install/gazebo_bridge/lib'
[18.720s] Level 1:colcon.colcon_core.shell:create_environment_hook('gazebo_bridge', 'ld_library_path_lib')
[18.720s] INFO:colcon.colcon_core.shell:Creating environment hook '/home/aiseon/navigation2_all/leg4_MPPI/install/gazebo_bridge/share/gazebo_bridge/hook/ld_library_path_lib.ps1'
[18.721s] INFO:colcon.colcon_core.shell:Creating environment descriptor '/home/aiseon/navigation2_all/leg4_MPPI/install/gazebo_bridge/share/gazebo_bridge/hook/ld_library_path_lib.dsv'
[18.721s] INFO:colcon.colcon_core.shell:Creating environment hook '/home/aiseon/navigation2_all/leg4_MPPI/install/gazebo_bridge/share/gazebo_bridge/hook/ld_library_path_lib.sh'
[18.721s] Level 1:colcon.colcon_core.environment:checking '/home/aiseon/navigation2_all/leg4_MPPI/install/gazebo_bridge/bin'
[18.721s] Level 1:colcon.colcon_core.environment:checking '/home/aiseon/navigation2_all/leg4_MPPI/install/gazebo_bridge/lib/pkgconfig/gazebo_bridge.pc'
[18.721s] Level 1:colcon.colcon_core.environment:checking '/home/aiseon/navigation2_all/leg4_MPPI/install/gazebo_bridge/lib/python3.10/site-packages'
[18.722s] Level 1:colcon.colcon_core.environment:checking '/home/aiseon/navigation2_all/leg4_MPPI/install/gazebo_bridge/bin'
[18.722s] INFO:colcon.colcon_core.shell:Creating package script '/home/aiseon/navigation2_all/leg4_MPPI/install/gazebo_bridge/share/gazebo_bridge/package.ps1'
[18.722s] INFO:colcon.colcon_core.shell:Creating package descriptor '/home/aiseon/navigation2_all/leg4_MPPI/install/gazebo_bridge/share/gazebo_bridge/package.dsv'
[18.722s] INFO:colcon.colcon_core.shell:Creating package script '/home/aiseon/navigation2_all/leg4_MPPI/install/gazebo_bridge/share/gazebo_bridge/package.sh'
[18.723s] INFO:colcon.colcon_core.shell:Creating package script '/home/aiseon/navigation2_all/leg4_MPPI/install/gazebo_bridge/share/gazebo_bridge/package.bash'
[18.723s] INFO:colcon.colcon_core.shell:Creating package script '/home/aiseon/navigation2_all/leg4_MPPI/install/gazebo_bridge/share/gazebo_bridge/package.zsh'
[18.723s] Level 1:colcon.colcon_core.environment:create_file_with_runtime_dependencies(/home/aiseon/navigation2_all/leg4_MPPI/install/gazebo_bridge/share/colcon-core/packages/gazebo_bridge)
[18.724s] Level 1:colcon.colcon_core.environment:create_environment_scripts_only(gazebo_bridge)
[18.724s] Level 1:colcon.colcon_core.environment:checking '/home/aiseon/navigation2_all/leg4_MPPI/install/gazebo_bridge' for CMake module files
[18.724s] Level 1:colcon.colcon_core.environment:checking '/home/aiseon/navigation2_all/leg4_MPPI/install/gazebo_bridge' for CMake config files
[18.725s] Level 1:colcon.colcon_core.shell:create_environment_hook('gazebo_bridge', 'cmake_prefix_path')
[18.725s] INFO:colcon.colcon_core.shell:Creating environment hook '/home/aiseon/navigation2_all/leg4_MPPI/install/gazebo_bridge/share/gazebo_bridge/hook/cmake_prefix_path.ps1'
[18.725s] INFO:colcon.colcon_core.shell:Creating environment descriptor '/home/aiseon/navigation2_all/leg4_MPPI/install/gazebo_bridge/share/gazebo_bridge/hook/cmake_prefix_path.dsv'
[18.725s] INFO:colcon.colcon_core.shell:Creating environment hook '/home/aiseon/navigation2_all/leg4_MPPI/install/gazebo_bridge/share/gazebo_bridge/hook/cmake_prefix_path.sh'
[18.726s] Level 1:colcon.colcon_core.environment:checking '/home/aiseon/navigation2_all/leg4_MPPI/install/gazebo_bridge/lib'
[18.726s] Level 1:colcon.colcon_core.shell:create_environment_hook('gazebo_bridge', 'ld_library_path_lib')
[18.726s] INFO:colcon.colcon_core.shell:Creating environment hook '/home/aiseon/navigation2_all/leg4_MPPI/install/gazebo_bridge/share/gazebo_bridge/hook/ld_library_path_lib.ps1'
[18.726s] INFO:colcon.colcon_core.shell:Creating environment descriptor '/home/aiseon/navigation2_all/leg4_MPPI/install/gazebo_bridge/share/gazebo_bridge/hook/ld_library_path_lib.dsv'
[18.726s] INFO:colcon.colcon_core.shell:Creating environment hook '/home/aiseon/navigation2_all/leg4_MPPI/install/gazebo_bridge/share/gazebo_bridge/hook/ld_library_path_lib.sh'
[18.727s] Level 1:colcon.colcon_core.environment:checking '/home/aiseon/navigation2_all/leg4_MPPI/install/gazebo_bridge/bin'
[18.727s] Level 1:colcon.colcon_core.environment:checking '/home/aiseon/navigation2_all/leg4_MPPI/install/gazebo_bridge/lib/pkgconfig/gazebo_bridge.pc'
[18.727s] Level 1:colcon.colcon_core.environment:checking '/home/aiseon/navigation2_all/leg4_MPPI/install/gazebo_bridge/lib/python3.10/site-packages'
[18.727s] Level 1:colcon.colcon_core.environment:checking '/home/aiseon/navigation2_all/leg4_MPPI/install/gazebo_bridge/bin'
[18.727s] INFO:colcon.colcon_core.shell:Creating package script '/home/aiseon/navigation2_all/leg4_MPPI/install/gazebo_bridge/share/gazebo_bridge/package.ps1'
[18.728s] INFO:colcon.colcon_core.shell:Creating package descriptor '/home/aiseon/navigation2_all/leg4_MPPI/install/gazebo_bridge/share/gazebo_bridge/package.dsv'
[18.728s] INFO:colcon.colcon_core.shell:Creating package script '/home/aiseon/navigation2_all/leg4_MPPI/install/gazebo_bridge/share/gazebo_bridge/package.sh'
[18.729s] INFO:colcon.colcon_core.shell:Creating package script '/home/aiseon/navigation2_all/leg4_MPPI/install/gazebo_bridge/share/gazebo_bridge/package.bash'
[18.729s] INFO:colcon.colcon_core.shell:Creating package script '/home/aiseon/navigation2_all/leg4_MPPI/install/gazebo_bridge/share/gazebo_bridge/package.zsh'
[18.729s] Level 1:colcon.colcon_core.environment:create_file_with_runtime_dependencies(/home/aiseon/navigation2_all/leg4_MPPI/install/gazebo_bridge/share/colcon-core/packages/gazebo_bridge)
[21.657s] DEBUG:colcon.colcon_core.event_handler.log_command:Invoked command in '/home/aiseon/navigation2_all/leg4_MPPI/build/rl_controller' returned '0': AMENT_PREFIX_PATH=/home/aiseon/navigation2_all/leg4_MPPI/install/ros_utils:${AMENT_PREFIX_PATH} CMAKE_PREFIX_PATH=/home/aiseon/navigation2_all/leg4_MPPI/install/ros_utils:/opt/ros/humble /usr/bin/cmake --build /home/aiseon/navigation2_all/leg4_MPPI/build/rl_controller -- -j192 -l192
[21.660s] DEBUG:colcon.colcon_core.event_handler.log_command:Invoking command in '/home/aiseon/navigation2_all/leg4_MPPI/build/rl_controller': AMENT_PREFIX_PATH=/home/aiseon/navigation2_all/leg4_MPPI/install/ros_utils:${AMENT_PREFIX_PATH} CMAKE_PREFIX_PATH=/home/aiseon/navigation2_all/leg4_MPPI/install/ros_utils:/opt/ros/humble /usr/bin/cmake --install /home/aiseon/navigation2_all/leg4_MPPI/build/rl_controller
[22.302s] Level 1:colcon.colcon_core.environment:create_environment_scripts_only(rl_controller)
[22.303s] DEBUG:colcon.colcon_core.event_handler.log_command:Invoked command in '/home/aiseon/navigation2_all/leg4_MPPI/build/rl_controller' returned '0': AMENT_PREFIX_PATH=/home/aiseon/navigation2_all/leg4_MPPI/install/ros_utils:${AMENT_PREFIX_PATH} CMAKE_PREFIX_PATH=/home/aiseon/navigation2_all/leg4_MPPI/install/ros_utils:/opt/ros/humble /usr/bin/cmake --install /home/aiseon/navigation2_all/leg4_MPPI/build/rl_controller
[22.303s] Level 1:colcon.colcon_core.environment:checking '/home/aiseon/navigation2_all/leg4_MPPI/install/rl_controller' for CMake module files
[22.304s] Level 1:colcon.colcon_core.environment:checking '/home/aiseon/navigation2_all/leg4_MPPI/install/rl_controller' for CMake config files
[22.305s] Level 1:colcon.colcon_core.shell:create_environment_hook('rl_controller', 'cmake_prefix_path')
[22.306s] INFO:colcon.colcon_core.shell:Creating environment hook '/home/aiseon/navigation2_all/leg4_MPPI/install/rl_controller/share/rl_controller/hook/cmake_prefix_path.ps1'
[22.306s] INFO:colcon.colcon_core.shell:Creating environment descriptor '/home/aiseon/navigation2_all/leg4_MPPI/install/rl_controller/share/rl_controller/hook/cmake_prefix_path.dsv'
[22.306s] INFO:colcon.colcon_core.shell:Creating environment hook '/home/aiseon/navigation2_all/leg4_MPPI/install/rl_controller/share/rl_controller/hook/cmake_prefix_path.sh'
[22.307s] Level 1:colcon.colcon_core.environment:checking '/home/aiseon/navigation2_all/leg4_MPPI/install/rl_controller/lib'
[22.307s] Level 1:colcon.colcon_core.shell:create_environment_hook('rl_controller', 'ld_library_path_lib')
[22.307s] INFO:colcon.colcon_core.shell:Creating environment hook '/home/aiseon/navigation2_all/leg4_MPPI/install/rl_controller/share/rl_controller/hook/ld_library_path_lib.ps1'
[22.307s] INFO:colcon.colcon_core.shell:Creating environment descriptor '/home/aiseon/navigation2_all/leg4_MPPI/install/rl_controller/share/rl_controller/hook/ld_library_path_lib.dsv'
[22.307s] INFO:colcon.colcon_core.shell:Creating environment hook '/home/aiseon/navigation2_all/leg4_MPPI/install/rl_controller/share/rl_controller/hook/ld_library_path_lib.sh'
[22.308s] Level 1:colcon.colcon_core.environment:checking '/home/aiseon/navigation2_all/leg4_MPPI/install/rl_controller/bin'
[22.308s] Level 1:colcon.colcon_core.environment:checking '/home/aiseon/navigation2_all/leg4_MPPI/install/rl_controller/lib/pkgconfig/rl_controller.pc'
[22.308s] Level 1:colcon.colcon_core.environment:checking '/home/aiseon/navigation2_all/leg4_MPPI/install/rl_controller/lib/python3.10/site-packages'
[22.308s] Level 1:colcon.colcon_core.environment:checking '/home/aiseon/navigation2_all/leg4_MPPI/install/rl_controller/bin'
[22.308s] INFO:colcon.colcon_core.shell:Creating package script '/home/aiseon/navigation2_all/leg4_MPPI/install/rl_controller/share/rl_controller/package.ps1'
[22.309s] INFO:colcon.colcon_core.shell:Creating package descriptor '/home/aiseon/navigation2_all/leg4_MPPI/install/rl_controller/share/rl_controller/package.dsv'
[22.309s] INFO:colcon.colcon_core.shell:Creating package script '/home/aiseon/navigation2_all/leg4_MPPI/install/rl_controller/share/rl_controller/package.sh'
[22.309s] INFO:colcon.colcon_core.shell:Creating package script '/home/aiseon/navigation2_all/leg4_MPPI/install/rl_controller/share/rl_controller/package.bash'
[22.310s] INFO:colcon.colcon_core.shell:Creating package script '/home/aiseon/navigation2_all/leg4_MPPI/install/rl_controller/share/rl_controller/package.zsh'
[22.310s] Level 1:colcon.colcon_core.environment:create_file_with_runtime_dependencies(/home/aiseon/navigation2_all/leg4_MPPI/install/rl_controller/share/colcon-core/packages/rl_controller)
[22.310s] Level 1:colcon.colcon_core.environment:create_environment_scripts_only(rl_controller)
[22.310s] Level 1:colcon.colcon_core.environment:checking '/home/aiseon/navigation2_all/leg4_MPPI/install/rl_controller' for CMake module files
[22.311s] Level 1:colcon.colcon_core.environment:checking '/home/aiseon/navigation2_all/leg4_MPPI/install/rl_controller' for CMake config files
[22.311s] Level 1:colcon.colcon_core.shell:create_environment_hook('rl_controller', 'cmake_prefix_path')
[22.311s] INFO:colcon.colcon_core.shell:Creating environment hook '/home/aiseon/navigation2_all/leg4_MPPI/install/rl_controller/share/rl_controller/hook/cmake_prefix_path.ps1'
[22.312s] INFO:colcon.colcon_core.shell:Creating environment descriptor '/home/aiseon/navigation2_all/leg4_MPPI/install/rl_controller/share/rl_controller/hook/cmake_prefix_path.dsv'
[22.312s] INFO:colcon.colcon_core.shell:Creating environment hook '/home/aiseon/navigation2_all/leg4_MPPI/install/rl_controller/share/rl_controller/hook/cmake_prefix_path.sh'
[22.312s] Level 1:colcon.colcon_core.environment:checking '/home/aiseon/navigation2_all/leg4_MPPI/install/rl_controller/lib'
[22.312s] Level 1:colcon.colcon_core.shell:create_environment_hook('rl_controller', 'ld_library_path_lib')
[22.313s] INFO:colcon.colcon_core.shell:Creating environment hook '/home/aiseon/navigation2_all/leg4_MPPI/install/rl_controller/share/rl_controller/hook/ld_library_path_lib.ps1'
[22.313s] INFO:colcon.colcon_core.shell:Creating environment descriptor '/home/aiseon/navigation2_all/leg4_MPPI/install/rl_controller/share/rl_controller/hook/ld_library_path_lib.dsv'
[22.313s] INFO:colcon.colcon_core.shell:Creating environment hook '/home/aiseon/navigation2_all/leg4_MPPI/install/rl_controller/share/rl_controller/hook/ld_library_path_lib.sh'
[22.313s] Level 1:colcon.colcon_core.environment:checking '/home/aiseon/navigation2_all/leg4_MPPI/install/rl_controller/bin'
[22.313s] Level 1:colcon.colcon_core.environment:checking '/home/aiseon/navigation2_all/leg4_MPPI/install/rl_controller/lib/pkgconfig/rl_controller.pc'
[22.314s] Level 1:colcon.colcon_core.environment:checking '/home/aiseon/navigation2_all/leg4_MPPI/install/rl_controller/lib/python3.10/site-packages'
[22.314s] Level 1:colcon.colcon_core.environment:checking '/home/aiseon/navigation2_all/leg4_MPPI/install/rl_controller/bin'
[22.314s] INFO:colcon.colcon_core.shell:Creating package script '/home/aiseon/navigation2_all/leg4_MPPI/install/rl_controller/share/rl_controller/package.ps1'
[22.314s] INFO:colcon.colcon_core.shell:Creating package descriptor '/home/aiseon/navigation2_all/leg4_MPPI/install/rl_controller/share/rl_controller/package.dsv'
[22.315s] INFO:colcon.colcon_core.shell:Creating package script '/home/aiseon/navigation2_all/leg4_MPPI/install/rl_controller/share/rl_controller/package.sh'
[22.315s] INFO:colcon.colcon_core.shell:Creating package script '/home/aiseon/navigation2_all/leg4_MPPI/install/rl_controller/share/rl_controller/package.bash'
[22.315s] INFO:colcon.colcon_core.shell:Creating package script '/home/aiseon/navigation2_all/leg4_MPPI/install/rl_controller/share/rl_controller/package.zsh'
[22.316s] Level 1:colcon.colcon_core.environment:create_file_with_runtime_dependencies(/home/aiseon/navigation2_all/leg4_MPPI/install/rl_controller/share/colcon-core/packages/rl_controller)
[22.316s] DEBUG:colcon.colcon_parallel_executor.executor.parallel:closing loop
[22.316s] DEBUG:colcon.colcon_parallel_executor.executor.parallel:loop closed
[22.316s] DEBUG:colcon.colcon_parallel_executor.executor.parallel:run_until_complete finished with '0'
[22.316s] DEBUG:colcon.colcon_core.event_reactor:joining thread
[22.324s] INFO:colcon.colcon_core.plugin_system:Skipping extension 'colcon_notification.desktop_notification.terminal_notifier': Not used on non-Darwin systems
[22.324s] INFO:colcon.colcon_core.plugin_system:Skipping extension 'colcon_notification.desktop_notification.win32': Not used on non-Windows systems
[22.324s] INFO:colcon.colcon_notification.desktop_notification:Sending desktop notification using 'notify2'
[22.349s] DEBUG:colcon.colcon_core.event_reactor:joined thread
[22.350s] INFO:colcon.colcon_core.shell:Creating prefix script '/home/aiseon/navigation2_all/leg4_MPPI/install/local_setup.ps1'
[22.352s] INFO:colcon.colcon_core.shell:Creating prefix util module '/home/aiseon/navigation2_all/leg4_MPPI/install/_local_setup_util_ps1.py'
[22.353s] INFO:colcon.colcon_core.shell:Creating prefix chain script '/home/aiseon/navigation2_all/leg4_MPPI/install/setup.ps1'
[22.354s] INFO:colcon.colcon_core.shell:Creating prefix script '/home/aiseon/navigation2_all/leg4_MPPI/install/local_setup.sh'
[22.354s] INFO:colcon.colcon_core.shell:Creating prefix util module '/home/aiseon/navigation2_all/leg4_MPPI/install/_local_setup_util_sh.py'
[22.355s] INFO:colcon.colcon_core.shell:Creating prefix chain script '/home/aiseon/navigation2_all/leg4_MPPI/install/setup.sh'
[22.355s] INFO:colcon.colcon_core.shell:Creating prefix script '/home/aiseon/navigation2_all/leg4_MPPI/install/local_setup.bash'
[22.356s] INFO:colcon.colcon_core.shell:Creating prefix chain script '/home/aiseon/navigation2_all/leg4_MPPI/install/setup.bash'
[22.357s] INFO:colcon.colcon_core.shell:Creating prefix script '/home/aiseon/navigation2_all/leg4_MPPI/install/local_setup.zsh'
[22.357s] INFO:colcon.colcon_core.shell:Creating prefix chain script '/home/aiseon/navigation2_all/leg4_MPPI/install/setup.zsh'
